QD_first10_mean,QD_last10_mean,QD_delta,QD_slope,QD_min,QD_std,QC_slope,QC_minus_QD,IR_first10_mean,IR_last10_mean,IR_delta,IR_slope,Tmax_mean,Tmax_slope,Tmax_max,Tavg_mean,Tavg_slope,T_range_mean,CT_first10_mean,CT_last10_mean,CT_delta,CT_slope,CT_std,EE_mean,EE_slope,V0_mean,V0_std,V99_mean,V_mean_shift,Q_activation,ID,ID_clean,Cycle_Life,C_Rate,key,dQ_3.5V,dQ_3.45V,dQ_3.4V,dQ_3.35V,dQ_3.3V,dQ_3.25V,dQ_3.2V,dQ_3.15V,dQ_3.1V,Q_slope_cyc2,Q_slope_cyc10,Q_slope_cyc50,Q_slope_cyc99,TTI_first10,TTI_last10,TTI_slope,EE_last10,EE_delta,CE_mean,CE_slope
1.1372059600000002,1.03384416,0.1033618000000002,-0.000699583860786,1.0331545,0.0889227386776241,-0.0003922579591959,-0.005159997,0.0188012978062033,0.0167287128046155,-0.0020725850015878,-1.3236462345646963e-05,35.31101085662842,0.0125552581732172,37.40242767333984,32.42682134628296,0.0033650678719911,5.164973125457764,3878.4,627.2,3251.2,-19.291785178517834,3250.0354449759457,0.8705347157942329,-0.000376515406749,3.15,0.2022747675534982,3.15,0.0,-0.7095391600000003,FastCharge_000000_CH19,FastCharge_000000_CH19,491,4,FastCharge_000000_CH19,-7.09241763e-05,-0.0002688133263692,-0.0002705079853499,5.1737590279933056e-05,0.0001097127082467,0.0003586907843426,0.0020006792116359,0.0409031526909033,0.0526921783817039,0.0414505401469052,0.0434965230390534,0.041979485611384,0.0357935795490407,5665.337160644531,1938.9640861002604,-22.09787030280174,0.8606665559451268,0.0535204687900321,1.0036374967949953,-0.000216850878525
1.11784171,1.05491843,0.0629232799999999,-0.0004514962370237,1.054091,0.0501424436308251,-0.0001575317677767,-0.005184808,0.0139746360480785,0.0141499069519341,0.0001752709038555,1.967905009343702e-06,37.91038208007812,0.0043534618049206,38.31761169433594,34.86784553527832,0.0084340385027271,5.953818511962891,10700.8,588.8,10112.0,-59.98372637263721,10052.738632949731,0.8825652110419143,-0.0003014658064475,3.15,0.2022747675534982,3.15,0.0,-0.3968465799999998,FastCharge_000001_CH30,FastCharge_000001_CH30,773,7,FastCharge_000001_CH30,5.6367406696089455e-05,-0.00062175665,-0.0003286101999999,-0.0005575796,-0.0003873075787917,-0.0005158988952635,-0.0012408937978643,0.0134456266198734,0.0252131456653125,0.0514460072881482,0.0526175891249346,0.0518654178604953,0.0490952343489299,6862.078845621744,1502.888468424479,-32.2329514537391,0.8756914587557418,0.0454114597573835,1.0048600139396455,-0.0002754490749468
1.1153778,1.0672835400000005,0.0480942599999998,-0.0002908993873387,1.0636606000000002,0.0487177325246975,4.24164656465492e-06,-0.0049301329999999,0.0153808349743485,0.0152620146982371,-0.0001188202761113,-8.111419209284759e-07,35.080399627685544,0.005352076253768,35.73020935058594,33.04421615600586,0.0034427091390779,3.90829330444336,10739.2,512.0,10227.2,-61.175781578157775,10067.43101578551,0.8816833709780397,-0.0002854300090538,3.15,0.2022747675534982,3.15,0.0,-0.3939853,FastCharge_000002_CH18,FastCharge_000002_CH18,829,5,FastCharge_000002_CH18,1.220661e-06,-0.0005324134899999,-0.0001791508696977,-0.0003222665238975,-0.0002574217805531,-0.0005040354464846,-0.0021118572100944,-0.010729614626279,0.0008865464236592,0.0483676201206547,0.05095995677511,0.050963747269158,0.048885911486681,6944.467848307291,1547.823752034505,-32.123397934642085,0.8749780388594225,0.044392498533447,1.0046420906751212,-0.0002778852345275
1.0970701699999998,1.05032945,0.0467407199999998,-0.0002767598979897,1.0451530999999998,0.0484877922522476,1.820501710171008e-05,-0.0049229849999999,0.015682990476489,0.0155659073032438,-0.0001170831732451,-3.201132900107547e-07,37.22922679901123,0.0072410341543797,37.87106323242188,34.65985679626465,0.0048045269462248,5.242103462219238,10739.2,601.6,10137.6,-60.1803540354035,10065.078459227234,0.8809529065742009,-0.0002851098996078,3.15,0.2022747675534982,3.15,0.0,-0.3927657600000001,FastCharge_000002_CH34,FastCharge_000002_CH34,826,5,FastCharge_000002_CH34,2.7110798999999995e-05,0.0001791271,-0.0005140266208852,-0.0002737503368112,-0.0003540968517396,-0.0007460844403227,-0.0031034396500984,-0.0154531284564166,-0.0015334875828119,0.0458681251387897,0.0484146737571795,0.0485775677402269,0.0468479638114303,6851.172712809246,1569.6254752604166,-31.34643179623137,0.8746260816517474,0.0439604293178488,1.004715793295608,-0.0002825344916008
1.1102703000000005,1.0612354000000002,0.0490349000000001,-0.0002997756741674,1.0594152,0.0485621649036994,-7.821165316531487e-06,-0.004921183,0.0154731000773608,0.015338665433228,-0.0001344346441328,-6.677228046489773e-07,34.28350646972656,0.0029243222478986,34.695709228515625,33.09051904678345,0.0040369379459614,2.70548454284668,10700.8,588.8,10112.0,-59.91920792079205,10065.605854711384,0.8855992943347623,-0.0002592535647637,3.15,0.2022747675534982,3.15,0.0,-0.3917759399999998,FastCharge_000002_CH42,FastCharge_000002_CH42,1285,5,FastCharge_000002_CH42,-8.119373000000017e-07,-1.0851999999999995e-05,-0.0001712660508906,-0.0002432062344175,-0.0004325300555724,-0.0008111463203077,-0.0038261833276747,-0.0171167758033119,-0.0033591270610171,0.0499086527719754,0.0519637652805719,0.0521937854842724,0.0511191328810464,6755.913828531901,1429.1952457682291,-31.801572966549564,0.880550451268082,0.0412607976782484,1.0046505601448323,-0.000275900555133
1.1206345699999998,1.07261617,0.0480183999999999,-0.0002863470411041,1.0691668,0.0488709400720637,9.921441344134792e-06,-0.0051823959999999,0.0158875992521643,0.0156672224402427,-0.0002203768119215,-3.264964553433998e-06,36.928730163574215,0.0212500337863377,38.63473510742188,33.86083618164062,0.0142685743641502,6.124258823394776,10688.0,588.8,10099.2,-59.96452445244521,10051.812779792506,0.8810745061119516,-0.0002483967255385,3.15,0.2022747675534982,3.15,0.0,-0.3948954400000002,FastCharge_000002_CH7,FastCharge_000002_CH7,1047,5,FastCharge_000002_CH7,-7.0107663e-05,-2.550416421525075e-05,0.0004990965918927,0.0003674048934615,-0.0001811243995587,-0.0002777415061355,-0.001070324465335,-0.0185729368491473,-0.0176361798254168,0.0462481305741872,0.0479474132869611,0.047575844936662,0.0484096401611625,6838.996878255208,1606.5433459472656,-30.931814237478424,0.8769360059142901,0.0418147541551201,1.0048572859219715,-0.0002777413268175
1.13829594,1.0796069300000002,0.0586890099999997,-0.0003532210843084,1.0739927,0.0597813761648832,-4.320285268527012e-05,-0.0052558549999999,0.0169755518436431,0.016941631399095,-3.392044454813073e-05,7.785309274883198e-07,36.07005844116211,0.0093847962524524,37.24092483520508,32.64126234054565,0.0039474965143303,6.087929534912109,9088.0,665.6,8422.4,-50.08321632163214,8404.212922957155,0.8749491819150417,-0.0003238069698493,3.15,0.2022747675534982,3.15,0.0,-0.4832661600000001,FastCharge_000003_CH39,FastCharge_000003_CH39,743,7,FastCharge_000003_CH39,-6.86361297e-05,-0.0003332896271671,8.068793791366413e-05,0.0002515957768788,7.574275969288863e-05,0.0001504353986196,0.0005647561628197,0.0059754374997021,0.0129487815198821,0.0424815976734934,0.0436829817294629,0.0433895097695102,0.0412838838726519,5845.770950186668,1682.2202754133334,-24.78337010582977,0.8671022465604834,0.0482462028122285,1.0045452859821675,-0.00026796812395
1.13288294,1.07412516,0.0587577799999998,-0.0003508216099609,1.0681152,0.0599669168844044,-4.073225022502077e-05,-0.0053029399999999,0.0170516327023506,0.0170834247022867,3.17919999361059e-05,1.433807713846547e-06,34.86816596984863,0.0083550333640542,36.07556915283203,32.07764303207397,0.0031613167763614,5.059268054962158,9100.8,640.0,8460.8,-50.26832283228322,8417.190753784778,0.8791341312096453,-0.0003380850226536,3.15,0.2022747675534982,3.15,0.0,-0.48494346,FastCharge_000003_CH40,FastCharge_000003_CH40,704,7,FastCharge_000003_CH40,-1.1035272e-06,-0.00044723635,-1.2571246929160562e-05,0.0005590490981585,0.0001716849752435,0.0003897730477945,0.0015106438970431,0.0179487437334027,0.024340570265352,0.0462665805418899,0.0474959448367839,0.047021197392698,0.0436760507142566,5812.125312320001,1660.0485672533334,-24.61295583834222,0.8705123460403232,0.0497042073306859,1.004609779013233,-0.0002692495037862
1.04666502,1.01144232,0.0352227,-0.0002764316663666,1.0066875,0.0241445458033398,-0.0001989578823882,-0.0014366609999999,0.0169976010918617,0.0172455256804823,0.0002479245886206,2.3941159753551805e-06,36.099465446472166,0.0007925800285716,37.95610427856445,31.853509540557862,-0.0004869705987627,7.046913452148438,1792.0,819.2,972.8,-5.784386438643858,991.1688905529676,0.8790442867090086,-0.0001169825965834,3.15,0.2022747675534982,3.15,0.0,-0.18684188,FastCharge_000004_CH1,FastCharge_000004_CH1,664,6,FastCharge_000004_CH1,-7.44625373e-05,0.0007540881953744,0.0002659942535868,0.0002120576191193,0.0014615226188169,0.0025357711020577,0.0081588982366284,0.0731186950342578,0.06358439315638,0.0451017308553254,0.041968067481856,0.0445368963294493,0.0369377514429855,2107.782852376302,1563.2611193847656,-3.403539057665524,0.8766235132879274,0.0158752117933317,1.0012897662655604,-6.875551429816857e-05
1.1000203300000002,1.0344937799999998,0.0655265500000004,-0.0003989928520852,1.0295508,0.065973600948909,5.764848256825284e-05,-0.0080309697999999,0.0169969232752919,0.0171319983899593,0.0001350751146674,1.5825478367322142e-06,36.196563720703125,-0.0020304087751304,39.04987335205078,32.50553827285766,-0.0033896795021604,6.240648078918457,2048.0,806.4,1241.6,-7.372769276927688,1245.0992339568754,0.8889306323689307,-0.0004695793440056,3.15,0.2022747675534982,3.15,0.0,-0.5328669000000001,FastCharge_000004_CH3,FastCharge_000004_CH3,1062,6,FastCharge_000004_CH3,-0.0001047549845999,-0.0005256085,0.0009946694952562,0.0014989787590206,0.0010035033859085,0.001881423403747,0.0070717113696592,0.050269080540136,0.018804853485999,0.0484785245196778,0.0508986465147552,0.0482801487974677,0.0444692073630722,2358.1150712076824,1666.6107779947918,-4.453490744411344,0.8807158696706757,0.0773909663421997,1.0085302801998937,-0.0004869875831799
1.1539485,1.0595833,0.0943651999999999,-0.0006019388436843,1.0587758,0.088438669104542,-0.0002933487656765,-0.0051115389999999,0.0187693351879715,0.0170027503743767,-0.0017665848135948,-1.1789941332592671e-05,37.3072940826416,0.0104004669418357,38.7081298828125,32.932188186645504,0.0065415726600736,7.3257770919799805,3865.6,601.6,3264.0,-19.288712871287117,3226.279293551629,0.8736138861827655,-0.0003788719866312,3.15,0.2022747675534982,3.15,0.0,-0.7109509799999998,FastCharge_000005_CH18,FastCharge_000005_CH18,525,4,FastCharge_000005_CH18,3.75345116e-05,0.00049720217,0.0003911817923165,0.0001667822318085,0.0003700840197245,0.0007323433719816,0.0032136270078116,0.0307902269706947,0.0266168530316791,0.0424614937399464,0.0458500257628077,0.0442837628864892,0.0390713804057204,5655.657219645183,1979.9346598307293,-21.72659837592645,0.8629990058729827,0.0535412667371247,1.0035462724063786,-0.0002153170339513
1.11579664,1.0667670399999998,0.0490296000000001,-0.0003020247956795,1.0642239,0.0486695309143421,-7.5718679867995855e-06,-0.0053446119999999,0.0150917177088558,0.0150114956311881,-8.022207766771386e-05,-5.448822735707745e-08,37.98097557067871,0.0082935962968855,38.70784759521485,34.801535835266115,0.0059134090365213,6.500725727081299,10688.0,640.0,10048.0,-59.72181218121808,10052.606862381514,0.8861446271034589,-0.0002731676164428,3.15,0.2022747675534982,3.15,0.0,-0.39298506,FastCharge_000006_CH11,FastCharge_000006_CH11,1064,3,FastCharge_000006_CH11,-1.368402600000002e-06,-0.00017360662,-3.893510000000039e-05,-6.20158000000006e-05,-0.0003921718473353,-0.0007419257259701,-0.0034874304958286,-0.0129422797158759,0.0009013749998506,0.0513579939363049,0.0532719022773263,0.053651369803667,0.0520625263762291,6847.857982991535,1558.998258056641,-31.55978901151833,0.8803471389148789,0.042854194536589,1.005030886733715,-0.0002772652689547
1.11158395,1.0646099100000002,0.0469740399999998,-0.000279548040204,1.0600799,0.0484712109555655,1.599961716171859e-05,-0.005089553,0.0157257236540317,0.015689219161868,-3.6504492163656754e-05,1.2280864313027862e-07,38.8771556854248,0.0094804258715665,39.59511184692383,35.54851486206055,0.0052068910046522,6.745758399963379,10688.0,601.6,10086.4,-59.96529252925289,10065.605854711384,0.8844257618472078,-0.0002929255916111,3.15,0.2022747675534982,3.15,0.0,-0.3923453000000001,FastCharge_000006_CH35,FastCharge_000006_CH35,990,3,FastCharge_000006_CH35,-2.3886243000000004e-06,0.00014178181,7.613337917621813e-05,9.335321577203046e-05,-0.0002809496898106,-0.0002478377787575,-0.0009158985402809,-0.0056555853730824,0.0044775628669732,0.0502559295846273,0.051903015738741,0.052103904359103,0.0502858887582539,6963.554134928386,1651.0464973958328,-31.466969237744053,0.8776949113261454,0.0447485277667003,1.0048091270652844,-0.0002793018273917
1.11394956,1.07112942,0.0428201399999998,-0.0002595029498949,1.0674757,0.0434009225706429,4.310235223521125e-06,-0.0047589209999999,0.0156712843105196,0.0156111476011574,-6.013670936226741e-05,-1.688867174770367e-07,33.989592742919925,0.0016167805898021,37.55818939208984,32.24080356597901,0.0023105040377695,3.330516185760498,10713.6,601.6,10112.0,-59.96682868286825,10051.679856103654,0.8839871638143372,-0.0002542588949239,3.15,0.2022747675534982,3.15,0.0,-0.3510414400000001,FastCharge_000006_CH3,FastCharge_000006_CH3,936,3,FastCharge_000006_CH3,4.854328999999998e-06,3.75553999999998e-05,-0.0001177220490473,-0.0001725079660585,-0.0002988642970897,-0.0005836995348968,-0.0022580195828518,-0.009621963199963,0.0019496515653605,0.0501510503954296,0.0525796875594147,0.0525372330759333,0.0505825696202779,6956.315451660157,1496.020847167969,-32.543657783454115,0.8779347524431147,0.0393363428175199,1.0044662753837654,-0.0002476863848027
1.11126629,1.06194609,0.0493202000000001,-0.0003058976561656,1.0602307,0.0482707159877302,-1.4704967896788888e-05,-0.0049221589999999,0.0154031769372522,0.0153228686191141,-8.03083181381229e-05,-1.2210720326857233e-07,38.98133930206299,0.0082820765978574,39.49040985107422,35.74222553253174,0.0066262862477043,6.849879055023194,10688.0,588.8,10099.2,-60.23411941194117,10052.474927101286,0.8848915299226948,-0.0002669395057513,3.15,0.2022747675534982,3.15,0.0,-0.3893615800000001,FastCharge_000006_CH43,FastCharge_000006_CH43,1159,3,FastCharge_000006_CH43,-0.0001149838016999,-0.0001257035999602,-0.0005980658157932,-0.0009338323848144,-0.0003205010852168,-0.0006249207884121,-0.0027253624951585,-0.010866137098338,0.0022542551486151,0.0503381874185226,0.0519236934842254,0.0521009332763242,0.0507830211927927,6904.228080647787,1554.8875773111977,-31.908732778526858,0.8794339201520263,0.042131634190824,1.004649050968046,-0.0002750395417848
1.0970518,1.04974019,0.0473116099999999,-0.0002893526180618,1.0464231,0.0479197308313837,7.62420642061497e-07,-0.0050644919999999,0.0156772749498486,0.0155697595328092,-0.0001075154170393,-2.669174019599857e-07,36.0723653793335,0.0042080107287462,36.4913215637207,33.860556774139404,0.0045174479033903,4.770910530090332,10700.8,601.6,10099.2,-60.03365136513647,10039.209892735584,0.8813226967264977,-0.0002596534006742,3.15,0.2022747675534982,3.15,0.0,-0.3875890800000001,FastCharge_000006_CH48,FastCharge_000006_CH48,1157,3,FastCharge_000006_CH48,0.0001910043917,-0.0006790351293029,0.0001312720580365,0.000263041625476,-0.0005684485196997,-0.0010396195781404,-0.0045261045296577,-0.0236700456822735,-0.010115605598735,0.0449831166326359,0.0468336321984874,0.0475077895252733,0.0469967313992969,6652.439356689453,1423.5499951171876,-31.29876273967727,0.8762517164481339,0.0414437599225857,1.0048452984945089,-0.000277608205765
1.12071394,1.07297636,0.0477375799999999,-0.0002857644452445,1.0686373,0.0491317072859625,1.2510077407741808e-05,-0.0052728359999999,0.0156814876012504,0.0156044869683682,-7.700063288211892e-05,-3.628075310606327e-07,36.328597412109374,0.007560722975984,36.8818588256836,33.33198221206665,0.0041491724054913,5.7514263534545895,10688.0,576.0,10112.0,-60.056693669366894,10053.395015336862,0.8823723667224488,-0.0002921611962828,3.15,0.2022747675534982,3.15,0.0,-0.3976817000000001,FastCharge_000006_CH8,FastCharge_000006_CH8,941,3,FastCharge_000006_CH8,-4.203856199999999e-05,-0.0001651804,0.0001422674581524,-7.793296128128825e-05,-0.0001246407047666,-0.0002060325993093,-0.0009336690408026,-0.0034940178619231,0.006814718272924,0.0482686237481256,0.0497952317635492,0.0502652149963025,0.0480159480428258,6820.723196207682,1559.9417358398434,-31.3186543369913,0.8754453634243268,0.0450101812595148,1.0049432568774253,-0.0002797153134995
1.14676269,1.08499569,0.0617670000000001,-0.000386329530153,1.0817878,0.059967455557192,-7.677464206420715e-05,-0.0052592629999999,0.0174432599917054,0.017562554962933,0.0001192949712276,2.321320382764808e-06,35.77414920806885,0.0127661975868608,36.80428314208984,32.53092468261719,0.0043281767599367,5.827137184143067,9075.2,588.8,8486.400000000001,-49.857401740174005,8396.583021586817,0.8719277281908924,-0.0003784539336583,3.15,0.2022747675534982,3.15,0.0,-0.4836236599999999,FastCharge_000008_CH47,FastCharge_000008_CH47,617,8,FastCharge_000008_CH47,0.0001432528201,-0.0001725360774091,4.942277115383125e-05,0.0002110345509836,0.0003147746152464,0.0006513217669067,0.0028738910302747,0.0307216411328708,0.0415304229839518,0.0454787814935854,0.0466424648310153,0.0440680723838467,0.0410734408932452,5836.441799723308,1658.4264302571617,-24.754604871204872,0.8614078841888674,0.0529246632170931,1.0045156481081288,-0.0002656074150922
1.14636177,1.08606336,0.0602984099999999,-0.0003677111755175,1.0810224,0.0602341631953108,-5.60928844884452e-05,-0.00551526,0.0166953211650252,0.0168320218101143,0.0001367006450891,2.398961948768973e-06,36.67690174102784,0.0140277050394857,37.85512161254883,32.97296007156372,0.005646024086509,6.770041027069092,9036.8,588.8,8448.0,-50.21686168616857,8396.583021586817,0.8723222880662638,-0.0003830816035249,3.15,0.2022747675534982,3.15,0.0,-0.48667846,FastCharge_000008_CH48,FastCharge_000008_CH48,600,8,FastCharge_000008_CH48,3.76743326e-05,0.0001450812871987,4.6089099999999626e-05,8.36652999999998e-05,0.0003511142415344,0.0009231527065139,0.0032482524201445,0.0340853035678145,0.0404210552836995,0.0462245713016017,0.0470960916498425,0.0448650166144451,0.0417146045567175,5824.922474986668,1674.2577065600003,-24.59715375568916,0.8617132470294259,0.0535645120173172,1.0047540696903248,-0.000267676736803
1.15793768,1.07140035,0.08653733,-0.000515804051005,1.0639789,0.0877556037400111,-0.0002125135727572,-0.0053514259999999,0.0184327205643057,0.0171581571921706,-0.0012745633721351,-6.525141644989262e-06,32.09154136657715,-0.0036680579907965,37.59764099121094,30.083834686279296,-0.0010813813849034,3.716244792938233,3852.8,614.4,3238.4,-19.34862286228622,3239.429654491667,0.8792526808531619,-0.000364122132722,3.15,0.2022747675534982,3.15,0.0,-0.7089919,FastCharge_000009_CH4,FastCharge_000009_CH4,526,8,FastCharge_000009_CH4,-5.607867000000002e-07,-4.881708000000005e-05,0.000407710549375,-0.000581242881433,0.0003042627138884,0.0006473130331485,0.0027864198927336,0.0289278150429094,0.0260705446383665,0.0515375009380734,0.0505716305901738,0.0502126655389383,0.0482508293935685,5575.607477213542,1807.2207165527343,-22.44246121909552,0.8698131309826278,0.0514690470449107,1.0037666891978,-0.0002101283857446
1.15743943,1.06827595,0.08916348,-0.0005476130243024,1.0640887,0.0877267796846531,-0.0002445485172517,-0.0053045589999999,0.0187338659539818,0.017099174670875,-0.0016346912831068,-1.028818518433023e-05,31.25144495010376,-0.0396827870004714,34.01215744018555,29.81907615661621,-0.0172235920720366,2.60256217956543,3865.6,588.8,3276.8,-19.364752475247503,3239.567473351959,0.8726744579205733,-0.000382062698341,3.15,0.2022747675534982,3.15,0.0,-0.7076803799999998,FastCharge_000009_CH7,FastCharge_000009_CH7,489,8,FastCharge_000009_CH7,8.514071e-05,-6.925876134099653e-05,-1.3847400000000128e-05,0.0001298914144993,-1.2089548947331883e-05,6.397690083216612e-05,0.0010065850552846,0.0224795958997801,0.0343519440023467,0.0431804019710929,0.0453893114138764,0.0440297991035332,0.0397355898452654,5454.404333089193,1767.1868872070313,-22.452027771429467,0.8620821692769542,0.0531890157208027,1.0037276189119526,-0.0002101742081036
1.16752294,1.07798236,0.0895405799999999,-0.0005536569348934,1.0733846000000002,0.0877893826991158,-0.0002487582940294,-0.0052204009999999,0.019103373773396,0.0174691867083311,-0.0016341870650649,-1.0422103077915396e-05,35.297885704040525,0.0120181588242443,36.58507537841797,31.637945556640624,0.0032205184171982,5.677048797607422,3827.2,576.0,3251.2,-19.149690969096905,3226.6959408038424,0.8730411860791846,-0.0003849204659385,3.15,0.2022747675534982,3.15,0.0,-0.7084815800000002,FastCharge_000009_CH8,FastCharge_000009_CH8,500,8,FastCharge_000009_CH8,-1.6728257000000008e-06,8.274759999999997e-05,-0.00042924195077,-3.3214977814464974e-05,3.7055834084028655e-06,8.376842558087405e-05,0.0007422467837019,0.0226715358203062,0.035332371353709,0.042034001212284,0.0459754316750871,0.0440793824885473,0.0385079595081024,5553.68504313151,1895.720278320313,-21.670605678463325,0.8623105910333031,0.0535304405626639,1.0036220110858165,-0.0002103331502791
1.16463299,1.0791783199999998,0.08545467,-0.0005067998583858,1.0691837,0.0880108888091504,-0.0001976585430543,-0.005337592,0.0193011673167347,0.0181977335363626,-0.0011034337803721,-5.28212674710971e-06,37.73767501831055,0.0173795859963193,38.90525817871094,32.98082794189453,0.0050412970679391,7.489278659820557,3814.4,588.8,3225.6000000000004,-19.22035403540352,3214.374371226848,0.872227462294187,-0.0004024363598552,3.15,0.2022747675534982,3.15,0.0,-0.7122629,FastCharge_000010_CH44,FastCharge_000010_CH44,489,6,FastCharge_000010_CH44,6.549663556258064e-05,-0.0002749902499999,-7.028195174471228e-05,0.000840409573676,0.0001162848858186,0.0005531402472994,0.0024978845057404,0.031611137745495,0.0416513504001317,0.04349205444409,0.0447118830375336,0.0422444787486868,0.0390445400668674,5686.81819132487,1989.833379313151,-21.913025239462403,0.8609646093515548,0.0551484640512893,1.0037287301137083,-0.0002141517839342
1.1636604900000005,1.07877763,0.0848828600000002,-0.0004929072481248,1.0699197,0.0886636932169104,-0.0001840750189018,-0.005706104,0.0182991782203316,0.0171201691031456,-0.001179009117186,-5.565579335699549e-06,37.92821140289307,0.0148768411768544,39.01078796386719,33.449800148010254,0.0059729981100526,7.388005294799805,3865.6,601.6,3264.0,-19.32174017401739,3239.2913239781324,0.8798485086128143,-0.0003532436110349,3.15,0.2022747675534982,3.15,0.0,-0.71713728,FastCharge_000011_CH26,FastCharge_000011_CH26,524,9,FastCharge_000011_CH26,0.0002200046733592,-5.0622119999999904e-05,-0.000304429326051,-0.0001999523592927,0.0001363056166524,0.0003434327404631,0.0017592740990074,0.0213682839666666,0.02782435078145,0.0487242228846027,0.0511090492872275,0.049552045981345,0.0457351413072321,5707.458057454428,2014.7189583333331,-21.792213672294963,0.8704330821448204,0.0508320483489296,1.0040580291498038,-0.0002131143807223
1.12460751,1.07569004,0.0489174699999999,-0.0002967757179717,1.0731678,0.0490173151757427,-1.20859465946399e-06,-0.0051847309999999,0.0161189436912536,0.0160958528518676,-2.309083938598772e-05,1.1527946036112705e-07,35.553125610351564,0.0059033329480408,37.29108810424805,33.20958011627197,0.0032998523775106,4.410845355987549,10688.0,614.4,10073.6,-59.86851485148511,10066.130618345866,0.8807420319366925,-0.0003037507235708,3.15,0.2022747675534982,3.15,0.0,-0.3956023199999998,FastCharge_000012_CH21,FastCharge_000012_CH21,933,6,FastCharge_000012_CH21,2.7607799e-05,4.911226209072415e-05,-0.0006836949425386,-0.0006435940041361,-0.0001530443255435,-0.0002305575123296,-0.0007687370482692,-0.0011469895422623,0.0103019601300843,0.0483167931350104,0.050116310410233,0.0499937887592058,0.0476875921984833,7047.131247151692,1562.1025846354164,-32.68034033117665,0.8732325183720615,0.0458194015454187,1.0048398110231438,-0.0002759555272622
1.10035002,1.0543483299999998,0.0460016900000002,-0.0002727535745574,1.0491925,0.0478052002037406,1.8392361836177587e-05,-0.0052520349999999,0.0184590520337224,0.0181977139785885,-0.0002613380551338,-1.1252409460269932e-06,36.62353370666504,0.0076403142938806,37.2458381652832,33.62253494262696,0.0044845868559023,5.879529552459717,10726.4,512.0,10214.4,-60.840900090008965,10079.518464688676,0.8774135851978225,-0.0002825074900702,3.15,0.2022747675534982,3.15,0.0,-0.3871242600000002,FastCharge_000012_CH5,FastCharge_000012_CH5,787,6,FastCharge_000012_CH5,1.4442192600000003e-05,-0.0005493082774364,0.0003517292275824,-0.0001565628624297,-0.0004087543868701,-0.0007603101669952,-0.0022279347284129,-0.0232010054155047,-0.0091507815822609,0.0398871605754196,0.0425275490523091,0.0430271823161414,0.0417268116042564,6875.376127929689,1508.571005452474,-31.962536271669148,0.8711497015008132,0.0434466228024135,1.0050141278408693,-0.0002780846120617
1.13739471,1.08174618,0.05564853,-0.0003260734965496,1.0729031999999998,0.0596244649571516,-1.89556273627378e-05,-0.0059050629999999,0.0166058097034692,0.0166698129847645,6.400328129529953e-05,8.49359164429685e-06,36.867216453552246,0.0045040429106999,37.61469268798828,33.1800400352478,0.0010837134319206,6.571143360137939,1971.2,678.4,1292.8000000000002,-7.7176357635763555,1244.062547623712,0.884938874174014,-0.0003011426546564,3.15,0.2022747675534982,3.15,0.0,-0.4842392800000001,FastCharge_000013_CH13,FastCharge_000013_CH13,906,4,FastCharge_000013_CH13,-1.8450101e-06,-0.00035310965,-0.0002153969079571,-0.0002763962187366,9.924575753087612e-05,0.0001648307708821,0.001090584618521,0.0093822714801365,0.0147955438818332,0.0489218188059473,0.0503741477947341,0.0491769116222437,0.0473976706559353,2377.3497058105468,1729.6643314615883,-9.856484010070924,0.8779523899543948,0.0460983092379325,1.0051211812822851,-0.000263837011306
1.1162714800000002,1.06001794,0.0562535400000001,-0.0003300659567956,1.0507991,0.0597767004644994,-2.2379838583856923e-05,-0.005745628,0.0165144339203834,0.016274775750935,-0.0002396581694483,6.429732288464428e-06,36.22966411590576,0.00303152334429,37.12896728515625,32.73393339157104,0.0011216139657484,6.0811865234375,1971.2,678.4,1292.8000000000002,-7.646204620462039,1243.940721417223,0.8836852426538306,-0.0002913541495383,3.15,0.2022747675534982,3.15,0.0,-0.4853249799999999,FastCharge_000013_CH14,FastCharge_000013_CH14,789,4,FastCharge_000013_CH14,0.0001582864816999,-0.00055382873,-0.0003485686382227,0.0002535747910868,-0.000249993222443,-0.0004684368241166,-0.0018383336986376,-0.0076013334722066,0.0048985114925456,0.0468617144549651,0.0491154610053777,0.0484834780915602,0.0469597670536195,2351.768119710287,1706.9705940755207,-9.76086481350772,0.8770959978531389,0.0453114067521033,1.0050639013872036,-0.0002690869172603
1.14307659,1.08646926,0.05660733,-0.000325805680768,1.0785451,0.0591456633027551,-2.282564296430019e-05,-0.0057313409999999,0.0167922968044877,0.0168042140081524,1.1917203664779665e-05,7.77181417885533e-06,35.841919021606444,0.0084998225622122,37.566532135009766,32.38911293029785,0.0044696404302294,6.00576639175415,1843.2,601.6,1241.6,-7.38736273627362,1253.3389798454366,0.8777029171568717,-0.0002954322099826,3.15,0.2022747675534982,3.15,0.0,-0.47943216,FastCharge_000014_CH23,FastCharge_000014_CH23,863,4,FastCharge_000014_CH23,-2.446862100000001e-05,0.0001688767677714,0.0003669018031721,0.0004292525698666,-0.0001398902700192,-0.0002462138176465,-0.0005484616725904,-0.001825888210963,0.0073854716257802,0.0455751490055709,0.0471985089768905,0.0463927455794704,0.0452226611270396,2264.158607991537,1635.5810563151042,-9.260688806258548,0.8705992629488362,0.0456419591955795,1.0049417472678532,-0.0002590441709128
1.1281771699999998,1.07706933,0.0511078399999997,-0.0002991230927092,1.0697117,0.0537633044914604,-3.0824585658568674e-05,-0.0047880339999999,0.0167660305276513,0.0167834088206291,1.73782929778106e-05,9.264265841776816e-07,35.422304496765136,0.0077691830080834,37.208404541015625,32.06137638092041,0.0034981064634783,5.916008605957031,8755.2,576.0,8179.200000000001,-48.44798079807978,8078.46068505628,0.8765383067143957,-0.0002816091271676,3.15,0.2022747675534982,3.15,0.0,-0.4359834399999998,FastCharge_000014_CH24,FastCharge_000014_CH24,858,4,FastCharge_000014_CH24,-0.000202756329,0.0008618454378612,-0.0003455826523112,-0.0001701485130435,-2.380973592771944e-05,-4.656293245446086e-05,0.0002464328836504,0.0043795532251285,0.013356120571497,0.0444554780941246,0.0458276032971117,0.0450476272827459,0.0433538739671862,5608.36284016927,1628.7199393717449,-23.573334407781577,0.8692682965762545,0.0417547147839777,1.00413700568529,-0.000230779035887
1.1186611199999998,1.06740912,0.0512519999999998,-0.0003213006546654,1.0665783000000002,0.0493913748467855,-2.3393775577555227e-05,-0.005127196,0.0150867260992527,0.0150231695733964,-6.355652585625718e-05,-9.917178795639573e-08,37.96187328338623,0.0074668174901597,38.5187873840332,35.25746227264404,0.0066471404754613,5.672528705596924,10726.4,588.8,10137.6,-59.853921392139206,10051.812779792506,0.8880864989820748,-0.0002736925700667,3.15,0.2022747675534982,3.15,0.0,-0.3975491200000001,FastCharge_000015_CH28,FastCharge_000015_CH28,1147,6,FastCharge_000015_CH28,5.80391072e-05,0.0001735506481108,-5.879604408114917e-05,-0.0001549155869122,-0.0002285820115056,-0.0004084269072609,-0.0021351872005651,-0.0037324585983813,0.0073127169099082,0.0541008269295005,0.0554154596498325,0.0556059342774004,0.0538859204321998,6918.959420572915,1574.653614908854,-31.91122660869601,0.8823780872625685,0.043194515324567,1.0048141401488704,-0.0002797360726475
1.12293187,1.07462765,0.0483042199999999,-0.0002907922964296,1.0709693,0.0491165147181173,8.058132013200447e-06,-0.005160109,0.0156747267581522,0.0156307053752243,-4.402138292789251e-05,-1.250674286981156e-08,39.13134189605713,0.0083159729928682,39.78699493408203,35.70994941711426,0.0057721866089196,6.910945053100586,10700.8,640.0,10060.8,-59.677263726372594,10064.149182996049,0.8881416495346496,-0.0002846557103762,3.15,0.2022747675534982,3.15,0.0,-0.3972115000000003,FastCharge_000015_CH36,FastCharge_000015_CH36,1029,6,FastCharge_000015_CH36,-2.2449402999999987e-06,-0.0004594868541204,-0.0005458574443003,-0.0002996104632598,-0.0002018651814568,-0.000333331973212,-0.0015368233402912,-0.0037492050426788,0.0065441162877063,0.0544572872470051,0.056116661348413,0.0564118207332134,0.0542189432962648,7011.074003092447,1673.5879231770832,-31.676299067284635,0.8815614937102287,0.0441949602406988,1.0048301044526535,-0.000279781755599
1.11363056,1.0634778,0.05015276,-0.0003104918589858,1.0626153,0.0491478374256394,-1.5491549954989895e-05,-0.0051325909999999,0.0154635616578161,0.0153796885162591,-8.387314155697788e-05,-2.5173559775944706e-07,38.529716796875,0.0073870679762067,39.08673095703125,35.497788734436035,0.0066971955755754,6.396928939819336,10688.0,601.6,10086.4,-59.92304830483047,10052.870238812397,0.8860029206447894,-0.0002721728562536,3.15,0.2022747675534982,3.15,0.0,-0.3958949999999999,FastCharge_000015_CH44,FastCharge_000015_CH44,1094,6,FastCharge_000015_CH44,8.546202600000001e-06,0.0001742885199999,0.0001652975513151,0.0001818196065397,-0.0003187448817713,-0.0006165184170828,-0.0024394438995329,-0.0084014335704821,0.0052483882565226,0.0510790037002158,0.0526325039903037,0.05282187779229,0.0512585973499003,6935.706366373697,1553.5646614583331,-32.188253859858634,0.8803281258194398,0.0427652229373963,1.0048370054690683,-0.0002780362745282
1.1101118,1.0620811099999998,0.0480306900000002,-0.0002940694551455,1.0581568,0.0486142087423578,1.4551767176741302e-06,-0.005245025,0.0155210729688405,0.0153190901502966,-0.0002019828185439,-2.200093378525007e-06,37.51465576171875,0.0124927684418831,38.35811233520508,34.03110961914062,0.0087509241799424,6.656292476654053,10713.6,588.8,10124.8,-60.08357635763572,10053.264068231776,0.8822698874364038,-0.0002665632595594,3.15,0.2022747675534982,3.15,0.0,-0.3935238199999997,FastCharge_000015_CH4,FastCharge_000015_CH4,797,6,FastCharge_000015_CH4,-2.58481884e-05,0.0001588910999999,-1.83534394513807e-05,0.0003725435925156,-0.0004891296140367,-0.0009092083223379,-0.0031163107938606,-0.0183601288495123,-0.0069141301840045,0.0466737976712469,0.0496881725036471,0.0497827463722287,0.0481835952454907,7030.346988118489,1581.42568766276,-32.455050332254885,0.8764478068024205,0.0426562344873068,1.004962249808171,-0.0002796726367384
1.15832302,1.0738819300000002,0.0844410899999996,-0.000499446330033,1.0648883999999998,0.0880480721182088,-0.0001979335631563,-0.0054745539999999,0.0189048990607261,0.0173469170928001,-0.001557981967926,-9.35818191909443e-06,34.24762798309326,0.0110680539107988,35.80637741088867,31.415046882629397,0.0040453721809559,4.726350612640381,3865.6,614.4,3251.2,-19.40699669966995,3239.152481745804,0.874941870889726,-0.0003652819072886,3.15,0.2022747675534982,3.15,0.0,-0.7132448399999998,FastCharge_000016_CH17,FastCharge_000016_CH17,527,4,FastCharge_000016_CH17,5.3473566544132254e-05,-0.0003759130999999,6.892290202575781e-05,-0.0003663813,-0.0002307768291193,-8.949294326988586e-05,0.0005322156243179,0.0235778125837882,0.0403815650322818,0.0422398982979344,0.0493676893680966,0.0475847447865505,0.0383336146860072,5577.161218668621,1889.5694510904948,-21.788067135595387,0.8648137111332044,0.0522167361177801,1.0038684055509806,-0.0002077237189158
1.1177147900000002,1.06978198,0.04793281,-0.0002893169264926,1.0664694,0.0486159742315248,3.533289528950953e-06,-0.0051111469999999,0.0155047588981688,0.0154746112413704,-3.014765679836169e-05,-3.29133589239752e-08,34.27642734527588,0.0024285595902731,34.60008239746094,32.783317737579345,0.0026125806207023,3.1182874488830565,10752.0,652.8,10099.2,-59.84777677767773,10034.015521933376,0.8889162151962533,-0.0002654908663765,3.15,0.2022747675534982,3.15,0.0,-0.3927663199999998,FastCharge_000017_CH17,FastCharge_000017_CH17,1837,8,FastCharge_000017_CH17,-0.0001957099339999,0.0005246959911121,-0.0006710696090803,-0.0009111400814618,-0.0002140659417411,-0.0004398373124754,-0.0020838334109059,-0.0125314717568002,-0.0014473558697915,0.0507380939431484,0.0526133205689848,0.0534586966145813,0.0515135824735079,6802.20262532552,1562.4241613769532,-31.29389395614365,0.8832688555844784,0.0426012669670596,1.004803628983582,-0.0002752734571293
1.11213254,1.06388922,0.0482433199999998,-0.0002905227722772,1.0608749,0.0487415684720783,7.70974197420104e-06,-0.005295647,0.0154776484705507,0.0154040666297078,-7.358184084296261e-05,-3.193401609442252e-07,34.78760299682617,0.0040016853705636,35.20887756347656,32.52790559768677,0.0025362844321238,4.099978504180908,934.4,665.6,268.79999999999995,-1.5284728472847322,244.7311798688513,0.8853885761575923,-0.0002733520001128,3.15,0.2022747675534982,3.15,0.0,-0.3937110799999999,FastCharge_000017_CH1,FastCharge_000017_CH1,1079,8,FastCharge_000017_CH1,6.866480699999999e-05,0.0001134961771757,-0.000748818787247,-0.0007162462871209,-0.0004476846161306,-0.0008493153920425,-0.0035837963024275,-0.0203344745648804,-0.005772528244153,0.0469138685699008,0.0495536303347023,0.0501782229562933,0.0484223970460018,1696.9355806477863,1534.5947420247398,-1.0268051429166412,0.879467333133048,0.0434550619049982,1.0050014911553218,-0.000281738595676
1.12285249,1.07361568,0.04923681,-0.0002995767764776,1.07156,0.0488021782699317,-5.3569252925259085e-06,-0.0046830399999999,0.0155401442199945,0.01531727546826,-0.0002228687517344,-1.777692871464931e-06,38.1145478439331,0.0072842472464409,38.663818359375,35.395779285430905,0.0085333842641771,5.991937179565429,10816.0,652.8,10163.2,-60.3408820882088,10045.637918539567,0.8919126020570132,-0.0002383358887348,3.15,0.2022747675534982,3.15,0.0,-0.3936044399999998,FastCharge_000017_CH41,FastCharge_000017_CH41,2238,8,FastCharge_000017_CH41,-6.100864299999999e-09,-0.0001656997659379,-0.0005894633570086,-0.0005194602052979,-0.0004700053805859,-0.0008941981843682,-0.0046056244794977,-0.0252558862272758,-0.0146855030439528,0.0526149788018012,0.0540762359599627,0.055450249624394,0.0549886389248081,6827.185289306642,1596.2885253906247,-31.230044375140636,0.8879426570196098,0.0396754255192814,1.004377915128683,-0.0002749764381093
1.1181688900000002,1.0691764300000002,0.04899246,-0.0002924085694569,1.0657128,0.0497041057558436,8.689119711968267e-06,-0.005112923,0.0163576424121856,0.015868879109621,-0.0004887633025646,-4.959126373883206e-06,35.55565891265869,0.0166511229598911,37.08730697631836,33.00682943344116,0.0121772876788715,4.940076026916504,10764.8,640.0,10124.8,-60.15961596159611,10058.993751345117,0.8853798950947087,-0.0002255350158068,3.15,0.2022747675534982,3.15,0.0,-0.4015057399999999,FastCharge_000017_CH6,FastCharge_000017_CH6,1643,8,FastCharge_000017_CH6,-0.0002573983008027,0.0002400834299999,-0.0003285443331896,-1.3956197847358152e-05,-0.0004632284690443,-0.0007983810970617,-0.0027234884485739,-0.0340157924112488,-0.0310253738748269,0.0452690297106505,0.0471859156813519,0.0484317174838025,0.0491259270931476,6854.271284993489,1593.7653076171875,-31.23237271691036,0.8825043131514734,0.0390855537753135,1.0048086555399065,-0.0002831939783299
1.12002713,1.0710637,0.0489634299999999,-0.0002924392931293,1.0688018,0.0492595189621013,3.466339033902227e-06,-0.0051444059999999,0.0157181024551391,0.0156452574767172,-7.28449784219258e-05,-4.029610358287925e-07,34.677567405700685,0.004464629682878,35.08553695678711,32.70547786712646,0.0038399746880817,3.914406299591065,10764.8,640.0,10124.8,-60.33857785778574,10072.957539868814,0.887604818670305,-0.0002651040592723,3.15,0.2022747675534982,3.15,0.0,-0.39741552,FastCharge_000017_CH9,FastCharge_000017_CH9,1802,8,FastCharge_000017_CH9,-0.0002010326790999,-0.0004474540031942,0.0005259245999999,-0.0003146245657677,-0.0002375501432546,-0.0006434446195681,-0.0025793419826953,-0.0159220595147965,-0.0027275456604367,0.0495445565127612,0.0515862034687175,0.0523849368631313,0.050595710207417,6652.839720865884,1530.038470458984,-30.544987419029965,0.8817908244940977,0.0426368590056298,1.0048184493789905,-0.0002771833310318
1.1456205499999998,1.0871842100000002,0.0584363399999996,-0.0003545066810681,1.0825964,0.0583983783714132,-5.747943354335463e-05,-0.0051101939999999,0.0164189318194985,0.0163899272680282,-2.9004551470281772e-05,3.627367918998707e-07,36.82801132202148,0.0080643381415777,37.49085998535156,33.01615280151367,0.0030948751308237,6.700122032165528,8729.6,588.8,8140.8,-48.33660966096608,8092.514310497077,0.8751452591295379,-0.000330214483708,3.15,0.2022747675534982,3.15,0.0,-0.4719359800000002,FastCharge_000018_CH18,FastCharge_000018_CH18,789,4,FastCharge_000018_CH18,0.000268591375,-0.0007696122991352,0.0005096451,0.0002065329874148,8.890562443914125e-05,0.0003260283090764,0.0015742645427596,0.0224931149767923,0.0339961888215134,0.0471298646354846,0.047990103680524,0.045893482700064,0.043680742871801,5767.6670096842445,1672.539466959635,-24.26309191309754,0.8666081797732013,0.0478007797568689,1.004362894821267,-0.0002531638335397
1.13986654,1.07960215,0.0602643899999999,-0.0003669141854185,1.0751325,0.06005973360118,-5.775742874287098e-05,-0.005621647,0.0162403021007776,0.016271574050188,3.127194941043854e-05,1.261741573428524e-06,36.225886039733886,0.0059139903171835,37.14435958862305,33.05809909820557,0.0029009828244177,5.854725894927978,9062.4,614.4,8448.0,-50.309030903090274,8435.452500014448,0.8785643417606042,-0.0003418240092257,3.15,0.2022747675534982,3.15,0.0,-0.4850452600000001,FastCharge_000019_CH29,FastCharge_000019_CH29,732,6,FastCharge_000019_CH29,2.616202000000006e-07,-0.00016416597,-7.536973052589763e-05,0.0008059644168436,0.0002973377980249,0.0006329500324125,0.0026202461874487,0.0255586973931031,0.0301903829696513,0.0494775981979174,0.0505898129833639,0.0487591362167539,0.0460918099822735,5931.617858560001,1688.1049155199998,-25.190406068485235,0.8697082501115189,0.0498065976037015,1.0048765484192892,-0.0002667282042124
1.15470905,1.0940131099999997,0.0606959400000004,-0.0003745306672667,1.0895553,0.0599533290278438,-6.513341794178874e-05,-0.0057000119999999,0.0165921922773122,0.0165656957775354,-2.649649977684229e-05,5.239904923837013e-07,37.71545101165771,0.0114540580568676,38.72872161865234,33.6441189956665,0.0044758011033647,7.357413005828858,9075.2,601.6,8473.6,-50.37969396939691,8435.187957502785,0.8775395425437054,-0.0003406289816511,3.15,0.2022747675534982,3.15,0.0,-0.4842233,FastCharge_000019_CH30,FastCharge_000019_CH30,758,6,FastCharge_000019_CH30,-0.0001514488283,-0.0003804609427598,3.296810000000001e-05,9.399801141753844e-05,8.815712705323789e-05,0.0002272563011426,0.0013375521236217,0.0156371243636333,0.0241277091467804,0.0480641505628198,0.0493471507049372,0.0479123573666214,0.0455989536602119,5945.332128499351,1718.9842110188802,-25.04933290540968,0.8687401579519889,0.0495028340886259,1.0048922103652087,-0.0002639313699271
1.16567637,1.07192057,0.0937557999999998,-0.0005910625190519,1.0711476,0.0890194068128781,-0.0002813931839183,-0.0054898229999999,0.0188398484140634,0.0170464849099516,-0.0017933635041117,-1.207947102871308e-05,35.87327236175537,0.0115271505406766,36.93468475341797,32.22738981246948,0.0029676639271897,5.968073692321777,3878.4,614.4,3264.0,-19.36782478247824,3238.4505924901805,0.8745386842337713,-0.000382631177728,3.15,0.2022747675534982,3.15,0.0,-0.71607716,FastCharge_000020_CH23,FastCharge_000020_CH23,564,65,FastCharge_000020_CH23,0.0001741191737,-0.0006879693930168,0.0002644947,0.0004838054945984,8.228826001120682e-06,0.0001736606666055,0.0011565045988776,0.025199801181149,0.0359277860989046,0.0446986161714156,0.0471719634537413,0.0437112952327102,0.0409960852648643,5619.940975748698,1932.343907877604,-21.86188494855345,0.8641267871103884,0.0536211683168719,1.003855966051726,-0.0002137468997131
1.1602654600000002,1.06134378,0.0989216800000001,-0.0006603706588658,1.0602171,0.0876823577184555,-0.0003551882424242,-0.0051713009999999,0.0181972557678818,0.0162135474383831,-0.0019837083294987,-1.3397689735499612e-05,38.38176933288574,0.0159678718573762,39.43522644042969,33.559020919799806,0.0067654453738831,8.03939130783081,3840.0,601.6,3238.4,-18.923876387638757,3240.917535266827,0.873949559610155,-0.0003862718031651,3.15,0.2022747675534982,3.15,0.0,-0.7025752199999995,FastCharge_000021_CH28,FastCharge_000021_CH28,493,4,FastCharge_000021_CH28,-3.755116999999997e-07,5.391076999999996e-05,-0.0002535669056173,0.0008316330989772,0.0001338201475653,0.000475040252734,0.0027053314358535,0.0395117582382183,0.0485776788218627,0.0461477127956654,0.0469752563361248,0.0443135956531087,0.040843596736072,5678.2113236490895,1985.903506673177,-22.01477099223594,0.8632409077849319,0.053702714122765,1.0036099543800463,-0.0002125669144198
1.15592828,1.06972997,0.0861983099999998,-0.0005154825496549,1.0623763000000002,0.087366564129617,-0.000211620340234,-0.005348278,0.0187232600525021,0.0173237977549433,-0.0013994622975587,-8.028983408146533e-06,35.716204223632815,0.0123797532798934,36.62397003173828,31.981495208740235,0.0030508342963812,5.889970874786377,3865.6,614.4,3251.2,-19.39547554755474,3251.8862897709087,0.8758472349809009,-0.0003663223760924,3.15,0.2022747675534982,3.15,0.0,-0.7059947,FastCharge_000022_CH24,FastCharge_000022_CH24,497,9,FastCharge_000022_CH24,1.4799390000000045e-07,-0.00030221714,4.036409239544913e-05,0.0006001238296485,-5.980127145708766e-05,-3.762487580783944e-05,0.0004879420842764,0.0152483421991171,0.0273430874380655,0.0451165843409875,0.0483987423837723,0.0472603885294434,0.0425119036231155,5572.9872375488285,1920.9168566894527,-21.633114639564543,0.8658427733878857,0.0521321869406055,1.003777413943791,-0.0002114558085082
1.14026099,1.080444,0.05981699,-0.0003618860960095,1.0750237,0.0601719729067978,-5.091280948094718e-05,-0.005483142,0.0164895545691251,0.0165559597313404,6.640516221523285e-05,1.7996529156904863e-06,33.96204814910889,0.0064094918174067,34.868446350097656,32.03060564041138,0.0024745831631197,3.6896667289733887,9152.0,691.2,8460.8,-50.30288628862881,8413.855459086519,0.8810441502728658,-0.0003463022045053,3.15,0.2022747675534982,3.15,0.0,-0.48634576,FastCharge_000023_CH37,FastCharge_000023_CH37,705,7,FastCharge_000023_CH37,-4.05742819e-05,-0.0002410500587376,0.0007839821377448,0.00067938252751,0.0002611378260314,0.0005649810885625,0.0024398241254761,0.0237972789518412,0.0281234120896799,0.0492687090940008,0.0504456833581533,0.0493129051853134,0.0461359055097579,5900.963934293335,1679.2397048533337,-25.049237792355225,0.8721820463967195,0.050299119437268,1.004747547251481,-0.000268377513456
1.13626742,1.07703746,0.0592299599999999,-0.000359572990699,1.0719458,0.0593813969069291,-5.40266240624016e-05,-0.0052994979999999,0.0166224965825676,0.0166615802794694,3.908369690179894e-05,1.5241637861732213e-06,36.03928695678711,0.0093876785749863,36.99362564086914,32.935921077728274,0.0034113665768737,5.800429039001465,9126.4,691.2,8435.199999999999,-50.27523552355234,8414.107431308446,0.8809929330942096,-0.0003344068605681,3.15,0.2022747675534982,3.15,0.0,-0.4798693200000001,FastCharge_000023_CH38,FastCharge_000023_CH38,649,7,FastCharge_000023_CH38,-0.0002830936911,0.0003682230006112,-7.694085842509463e-05,0.0001085816032365,0.0002272954111369,0.0005447074311821,0.0024473684630679,0.02517135879147,0.0302327327034652,0.0492458047261815,0.0500273876286544,0.049349377323584,0.0458798471024854,5920.041382506667,1725.0325207466667,-24.881549455732763,0.8725081472337706,0.04893124923369,1.004592508672563,-0.000264213817788
1.16093847,1.07653137,0.0844070999999999,-0.0004954306924692,1.0664768999999998,0.0875824772449896,-0.0001904103852385,-0.0052456579999999,0.0188209366053342,0.0178520031273365,-0.0009689334779977,-3.75234237750515e-06,37.78337673187256,0.017554866791916,39.44459533691406,32.996235332489015,0.0045511869035109,7.527703552246094,3865.6,588.8,3276.8,-19.112055205520548,3240.24889513136,0.8732863373067589,-0.0003957502648993,3.15,0.2022747675534982,3.15,0.0,-0.7085621200000003,FastCharge_000024_CH45,FastCharge_000024_CH45,481,6,FastCharge_000024_CH45,0.0003127335417,-0.00014427432,-0.0002941457853153,-0.0002191113773461,0.0001498895097834,0.0003928055546135,0.0023212741817918,0.0249095733805441,0.0374564479214323,0.0464308308782115,0.0465073780932057,0.0451483312634382,0.0426045115867659,5675.904257405599,1989.4762341308592,-21.772766542523392,0.8624157489087103,0.0541880796184524,1.003661740734526,-0.0002113960933352
1.13699796,1.0798876,0.05711036,-0.0003345667878787,1.0736028999999998,0.0585916039611752,-3.609890669066666e-05,-0.00520018,0.0164158148691058,0.0163138939067721,-0.0001019209623336,-8.303348724991029e-07,33.01921321868897,0.0038257205160823,34.654666900634766,30.90540761947632,0.0019835872175169,3.775711135864258,1920.0,652.8,1267.2,-18.210333033303325,2732.5224027626937,0.8797383771028151,-0.000283156629723,3.15,0.2022747675534982,3.15,0.0,-0.4744054799999997,FastCharge_000025_CH7,FastCharge_000025_CH7,1075,4,FastCharge_000025_CH7,3.779147610000001e-05,5.1525900000000055e-05,-0.0004071822833229,0.0001333263,-2.8381444134431555e-05,-3.0291835594130345e-05,-4.46850459008552e-06,-2.1084887652289552e-05,0.0062395951611448,0.0441946300089316,0.0457946195325893,0.0451735011696695,0.0437741101456134,2215.5799426269527,1593.4470263671876,-9.021753706181164,0.87306632586104,0.0443997488370572,1.0044747813372643,-0.0002561515866969
0.982028696,0.928465188,0.053563508,-0.0005247131332733,0.92675346,0.0193585721640374,-0.0005211052585058,8.708570000000471e-05,0.0168307740241289,0.0173222973942756,0.0004915233701467,5.659708479950834e-06,31.62742958068848,-0.0117915421379171,37.125221252441406,29.848997116088867,-0.0074234065099624,3.2664825820922854,1625.6,768.0,857.5999999999999,-4.682196219621963,896.259619529966,0.8584193061818831,-0.0001659816857529,3.15,0.2022747675534982,3.15,0.0,-0.0966449859999999,FastCharge_000026_CH5,FastCharge_000026_CH5,210,4,FastCharge_000026_CH5,-1.1106349e-06,0.0001042784999999,0.0004400749063829,0.0014029597351407,0.0021212721544496,0.0039941338240637,0.0097279313317505,0.0609840806377229,0.0862402855420349,0.0367433053972429,0.0377246843470526,0.0329106508560989,0.0275971074295668,1914.7148986816403,1283.6708223470057,-4.510562042483543,0.8519314362264195,0.0155253958884488,0.999895518111717,-3.13371414259285e-06
1.1563470299999998,1.07158939,0.0847576399999998,-0.0005036808994899,1.0634685,0.0866916556918423,-0.0002029096057605,-0.0052290729999999,0.0189136866480112,0.0174682671204209,-0.0014454195275902,-8.4041310387655e-06,36.49803615570068,0.0091285907231469,37.10179901123047,32.37942697525025,0.002032089359296,6.577398853302002,3840.0,614.4,3225.6,-19.214977497749768,3226.5575721502323,0.8763470192654786,-0.0003525277112262,3.15,0.2022747675534982,3.15,0.0,-0.7009508200000001,FastCharge_000027_CH31,FastCharge_000027_CH31,509,2,FastCharge_000027_CH31,0.000206992696,-0.0006599060500526,0.0004577424605841,0.0002660577763349,-9.297324251730972e-05,-7.248157502205352e-05,0.0002546868536641,0.0145957983753728,0.026174121634705,0.0456751316461469,0.0475051799861234,0.0465600331771603,0.0431936153383819,5569.9708105468735,1944.3903670247396,-21.5105761254348,0.8669879967259568,0.0505209985609805,1.0036782707636958,-0.0002093083655792
1.15076116,1.09424997,0.0565111900000001,-0.0003379437653765,1.0874287,0.0582825278142695,-4.0260861086108935e-05,-0.005337642,0.0167874740436673,0.0168102264404296,2.275239676237037e-05,9.193080942658866e-07,34.45068641662598,0.0025022473866037,35.16098403930664,32.06315416336059,0.0009768292999039,4.136116256713867,8793.6,665.6,8128.0,-48.33891389138912,8084.601088390196,0.8822552904647962,-0.0002987083811786,3.15,0.2022747675534982,3.15,0.0,-0.47212662,FastCharge_000028_CH19,FastCharge_000028_CH19,879,4,FastCharge_000028_CH19,5.8732400000000603e-08,8.639199000000006e-05,-0.0001839232142968,0.0007956239076164,6.0362633027751314e-05,0.0002071787094697,0.0012250731592432,0.009874866079653,0.0162947544797589,0.0481861644434484,0.0493735033372072,0.048155762804234,0.0465732685633263,5796.924045817058,1669.7632706705729,-24.5103404864168,0.8753998282202105,0.045054898105201,1.00455370553893,-0.0002527884719048
1.1297117800000005,1.08771575,0.0419960300000001,-0.0002453718775877,1.0815607,0.0446819213104808,5.837853345334304e-05,-0.005392982,0.0169522862881422,0.0169259442016482,-2.634208649397035e-05,4.68513867159835e-07,35.981351127624514,0.0048151748844928,36.79923248291016,32.620974731445315,0.0019943194270599,5.707395439147949,8793.6,665.6,8128.0,-48.25672967296728,8084.477973400632,0.8845895664620277,-0.0003246038085604,3.15,0.2022747675534982,3.15,0.0,-0.3627590799999998,FastCharge_000028_CH20,FastCharge_000028_CH20,1055,4,FastCharge_000028_CH20,-0.0001104699117,-0.0003087028301853,-1.6374272555404884e-05,0.0002626605016859,-5.676268518923708e-05,5.064325719290192e-05,0.0005531226556485,0.0077024063928101,0.0131853290833657,0.0495141174035335,0.0509304805624636,0.0500692984424318,0.0482117257325141,5813.864646809895,1691.8247428385416,-24.45610216959194,0.8771639142998702,0.0494287136587471,1.0052269034383654,-0.0002952244305354
1.13861413,1.07960805,0.0590060799999998,-0.0003553705694569,1.0729731000000002,0.0597049456451052,-4.995654245425213e-05,-0.005639528,0.0169299149885773,0.0166711255908012,-0.0002587893977761,5.671702271694524e-06,35.78977287292481,0.0040864480582579,36.496124267578125,32.2518625831604,0.0003598227216213,6.039959640502929,1830.4,588.8,1241.6,-7.482604260426041,1253.6448339142955,0.8771039502251576,-0.0003139568816901,3.15,0.2022747675534982,3.15,0.0,-0.4837019399999998,FastCharge_000029_CH10,FastCharge_000029_CH10,637,8,FastCharge_000029_CH10,3.74843835e-05,0.0004107748813203,-0.000374703042859,0.0004458639476223,-0.0001312245815371,-0.0002384004491768,-0.0002266916579407,0.0125241294219591,0.020238831834649,0.0447879978975097,0.0468300724065414,0.0448425228772459,0.0428420443675172,2277.617973225911,1637.2954459635416,-9.25964609227036,0.8694282290200425,0.0472564069119967,1.004874204512577,-0.0002621455041929
1.15544618,1.09599544,0.0594507399999999,-0.000356094050405,1.0909804,0.0593083336941386,-5.3882037803772926e-05,-0.0053827549999999,0.016290927119553,0.0162706432864069,-2.0283833146096664e-05,7.388252142382004e-06,35.31906452178955,0.0040678000829258,36.05392837524414,31.968028888702392,0.0009015411848496,5.737975482940674,1830.4,588.8,1241.6,-7.474155415541556,1253.4925697426363,0.880712278811966,-0.0003080639658935,3.15,0.2022747675534982,3.15,0.0,-0.47911042,FastCharge_000029_CH9,FastCharge_000029_CH9,871,8,FastCharge_000029_CH9,4.7571932e-05,6.745732067695368e-06,-0.0008577054050078,2.1239299999999826e-05,-7.955817045318322e-05,0.0001144624919369,0.0016092631042969,0.0228921064808374,0.0271483960399974,0.0515124814076877,0.0527637366720617,0.0505459788234819,0.0484777057595403,2253.5119490559896,1622.7338793945314,-9.267088048673031,0.8732912063742241,0.0467889477398412,1.004577212741976,-0.0002558925274551
1.1680103599999998,1.08115091,0.0868594499999997,-0.0005212241872187,1.0742625,0.0875428521274643,-0.0002153183726372,-0.0052981739999999,0.0183233546093106,0.0170307172462344,-0.0012926373630762,-7.112587332957981e-06,37.24312759399414,0.015843792676997,38.20626831054688,32.833063411712644,0.0045802768944191,7.077821559906006,3840.0,614.4,3225.6,-19.22265826582657,3226.5575721502323,0.8778799797053138,-0.0003691237007339,3.15,0.2022747675534982,3.15,0.0,-0.70698528,FastCharge_000030_CH30,FastCharge_000030_CH30,511,4,FastCharge_000030_CH30,-0.0002939726482,0.0007220135,-4.645539149447046e-06,-0.0005135983999999,0.0001186734350731,0.0003970279964942,0.002015030413795,0.0313099652181712,0.0386348756056303,0.0491368449683885,0.0502460420523832,0.0481279376181734,0.0449296911938515,5630.675018717448,1978.8320979817715,-21.600858195438672,0.867942936241642,0.0519574200265292,1.0036964233691144,-0.0002114212927197
1.1601749499999998,1.043017,0.1171579499999999,-0.0008660124998499,1.0345417,0.0895210934919129,-0.0005547537419741,-0.0052508479999999,0.0185549875721335,0.0171632025390863,-0.0013917850330472,-5.69294587095107e-06,32.14287893295288,0.0087307681688273,33.97221755981445,30.037290267944336,0.005698293233254,4.085418071746826,3852.8,627.2,3225.6000000000004,-19.111287128712856,3237.879863367385,0.8621109570466443,-0.0005361281048049,3.15,0.2022747675534982,3.15,0.0,-0.7071829200000002,FastCharge_000031_CH9,FastCharge_000031_CH9,328,1,FastCharge_000031_CH9,5.9392432e-06,-0.0003230183499999,0.0005546819917127,0.0002367751991627,0.0005914611413811,0.0012636985040823,0.0047836277322389,0.0752955478889024,0.1042176786739889,0.0420080336911205,0.0489442977624203,0.0443321630964037,0.0311215758373566,5368.34088256836,1808.9876509602864,-21.001146132875007,0.844431789133899,0.0675171437148041,1.0036726798323308,-0.0002173849224479
1.16936549,1.08299173,0.08637376,-0.0005211785598559,1.0757267,0.0869890152479979,-0.0002216174833483,-0.005140346,0.0184172509238123,0.0170013517141342,-0.0014158992096781,-8.335388747557768e-06,35.1773962020874,0.0097199011206663,36.1468391418457,31.90930124282837,0.0014902186515342,5.291154403686523,3865.6,614.4,3251.2,-19.32327632763275,3239.0131277288774,0.8768910256084884,-0.0003674511570763,3.15,0.2022747675534982,3.15,0.0,-0.7028306800000002,FastCharge_000032_CH22,FastCharge_000032_CH22,542,65,FastCharge_000032_CH22,-1.4097344999999996e-06,-2.532092000000002e-05,0.0001763821654302,0.000445340240008,1.3152140895160772e-05,0.0001580171326387,0.0015579224961906,0.02694293535207,0.0392099206532528,0.0490453036696788,0.0496391523388432,0.047567036767719,0.0450415395376559,5647.741337890625,1923.9856245930991,-22.135960659322745,0.8669957300238114,0.051426997271518,1.0035580913147395,-0.0002060161752134
1.15815528,1.07109477,0.0870605099999999,-0.0005211134593459,1.0641999,0.0879925340263387,-0.0002155331665166,-0.005644452,0.0182648375630378,0.0168427154421806,-0.0014221221208572,-8.12397077746694e-06,35.70813911437988,0.0115154851666807,36.829566955566406,32.028093280792234,0.0026653885061663,6.034453201293945,3865.6,601.6,3264.0,-19.354767476747654,3239.152481745804,0.8773898467114515,-0.0003674105081555,3.15,0.2022747675534982,3.15,0.0,-0.7107152400000001,FastCharge_000033_CH14,FastCharge_000033_CH14,509,6,FastCharge_000033_CH14,-5.5207889000000014e-05,4.835363669913602e-05,-2.487799999999641e-06,1.8971500000000176e-05,0.0001411845956743,0.0003814262069252,0.0022543216320669,0.030765538960802,0.0345908175754157,0.0491722305506814,0.0487184774438406,0.0474563937484998,0.0452453683606642,5577.696247558593,1928.017240397135,-21.69099711982915,0.8676478860253025,0.0518878124774833,1.0040349038175989,-0.0002119473911318
1.16114885,1.0713229299999998,0.0898259200000002,-0.0005552889042904,1.0680432,0.0872607748000819,-0.00025034340054,-0.0061400259999999,0.0187653893604874,0.0170841028913855,-0.0016812864691019,-1.1119430668444096e-05,37.19646492004394,0.0136030841395906,38.132205963134766,33.17532999038696,0.005037091550189,6.740975742340088,3840.0,614.4,3225.6,-19.23187518751873,3213.124063337736,0.8772849565508102,-0.0003695605998325,3.15,0.2022747675534982,3.15,0.0,-0.7035090800000001,FastCharge_000034_CH27,FastCharge_000034_CH27,507,4,FastCharge_000034_CH27,1.19491918e-05,0.00035863065,-0.0001212738835872,-6.475947696278975e-05,-7.278026721956217e-05,-4.760283414532995e-05,0.0007119333848834,0.0189417743113965,0.0314803693230237,0.046371651349018,0.0475267523852359,0.0462648044902744,0.0433165399708706,5652.026881103515,1985.1866853841143,-21.757004429520087,0.8672797590378046,0.0521060109860963,1.0045083259522347,-0.000212064417231
1.1561761,1.0488444499999998,0.1073316500000001,-0.0007432148274827,1.0474256,0.0889053767105433,-0.0004350151569156,-0.0058308529999999,0.017981013469398,0.016303083486855,-0.0016779299825429,-1.0284912372061072e-05,38.482884864807126,0.014199028324158,39.80894088745117,33.62060781478882,0.0020238554502728,8.496431446075439,3840.0,601.6,3238.4,-19.178109810981088,3226.5575721502323,0.867894371738168,-0.000488238908439,3.15,0.2022747675534982,3.15,0.0,-0.7084126799999999,FastCharge_000035_CH12,FastCharge_000035_CH12,363,2,FastCharge_000035_CH12,-7.573609999999992e-06,0.0007180220565059,0.0002079706260784,0.0004131234100952,0.0005892260815114,0.0014418749267405,0.0057931036111057,0.0749734606224086,0.0933829158069821,0.0444477493845724,0.0457677413085506,0.0418866686831196,0.0343056278703668,5662.718127441407,2012.6730212402344,-21.53252841922373,0.8522060474833795,0.062857713340555,1.0042247916715166,-0.0002148800598942
1.13232973,1.04741413,0.0849155999999999,-0.0005178630837083,1.0383378,0.0864306486585274,-0.0002133070291029,-0.005485961,0.0189197089523077,0.0170977128669619,-0.0018219960853457,-1.1718138804261928e-05,36.41479473114013,0.0076264769802787,36.92367935180664,32.37548328399658,0.0031533213059464,6.832945899963379,3827.2,588.8,3238.4,-19.190399039903987,3226.833795781866,0.8662046699426529,-0.0003116537033849,3.15,0.2022747675534982,3.15,0.0,-0.6999111599999999,FastCharge_000036_CH48,FastCharge_000036_CH48,747,6,FastCharge_000036_CH48,1.8974765000000008e-06,0.00031023391,-0.0002909886516492,-0.0003548301268989,-0.0001430271541366,-0.0003157471915788,-0.0008653360021969,-0.0048880559360681,0.0021193830770712,0.0363695236890531,0.0381401904043158,0.0380774557024186,0.0365067660040813,5428.424157714844,1874.6405566406247,-21.263677452095784,0.8591682069237636,0.0475967865806143,1.0039920911211593,-0.0002167968652545
1.13963775,1.08202389,0.0576138600000002,-0.0003407257227722,1.0753927,0.0598116644461848,-3.3407327332735584e-05,-0.0055479599999999,0.0165341733023524,0.0165219150483608,-1.2258253991603156e-05,3.7072032484390177e-07,37.44134227752686,0.0067261900216511,38.35481643676758,33.428204956054685,0.0030230902423738,7.050885353088379,8755.2,640.0,8115.200000000001,-48.26671467146711,8075.213435296931,0.8833538707719633,-0.0003050545005487,3.15,0.2022747675534982,3.15,0.0,-0.4842978999999998,FastCharge_000037_CH21,FastCharge_000037_CH21,902,4,FastCharge_000037_CH21,-6.582162049999999e-05,-0.0004868964957759,0.0005966489999999,0.0001221218954821,2.220487758721086e-05,3.651637182760376e-05,0.0004168999696884,0.0064787458774675,0.0121595348369182,0.0500706785407025,0.05111176223498,0.0502623841678519,0.0489147910512837,5830.514722086587,1712.1497733561202,-24.45711712111149,0.8764280346343669,0.0463268817272966,1.0047879662027643,-0.0002638571107468
1.142261,1.08380398,0.05845702,-0.0003496694359435,1.0773282,0.0600471694407366,-4.1688700270026175e-05,-0.005405872,0.0171447806060314,0.0171269727870821,-1.7807818949222565e-05,4.58535990609829e-07,34.67545791625977,0.0047811473957455,35.892478942871094,32.07247512817383,0.0022580702970809,4.657030715942383,8755.2,640.0,8115.200000000001,-48.25442544254423,8075.213435296931,0.8791273148055444,-0.0003080813258334,3.15,0.2022747675534982,3.15,0.0,-0.4860746199999999,FastCharge_000037_CH22,FastCharge_000037_CH22,897,4,FastCharge_000037_CH22,-0.0001886581527,0.0002690538734793,0.0003965750999999,-0.0007656459114566,-3.240684039219205e-05,-4.4364962804261526e-05,0.0001068967563211,0.0030032506458604,0.0113116345386983,0.0443931257619556,0.0458109297808582,0.0450359684949663,0.043487364339555,5701.18615559896,1650.36994913737,-24.03598462216827,0.8718243509893977,0.046533344726486,1.0046462609166846,-0.0002638761330934
1.16228976,1.06619351,0.09609625,-0.0006233922274227,1.0654062,0.0880644225836986,-0.0003198188088808,-0.0057799899999999,0.0179454831406474,0.0161006486043334,-0.001844834536314,-1.21634045016147e-05,37.02905437469482,0.0135167309074046,38.02289581298828,32.87137844085694,0.0052923657920602,6.899058265686035,3840.0,588.8,3251.2,-19.320972097209708,3226.5575721502323,0.8769631551686733,-0.0003836498378869,3.15,0.2022747675534982,3.15,0.0,-0.7070241399999997,FastCharge_000038_CH13,FastCharge_000038_CH13,473,6,FastCharge_000038_CH13,-3.5488776999999995e-05,-6.87820999999999e-05,-6.280929648116475e-05,0.0004811653103266,-7.65476645880215e-05,0.0001141677813836,0.0019008397661713,0.0401630272503095,0.0530848306720541,0.0499306371994396,0.050438419044009,0.0484845764444351,0.0443183537587145,5651.83048461914,1982.180747884115,-21.750291324713523,0.8663120149269327,0.0531275210113643,1.0041605762830963,-0.000209964973491
1.13990869,1.07987948,0.0600292099999999,-0.0003624982592259,1.0750394,0.0601219817910888,-5.230762916291413e-05,-0.006076653,0.0167569130659103,0.0167938020080328,3.688894212246219e-05,1.4191101862079792e-06,37.4767333984375,0.0099998804201707,38.30351257324219,33.74584445953369,0.0036389428203684,6.855411739349365,9139.2,665.6,8473.6,-50.366636663666334,8429.319564852192,0.8819022422371823,-0.0003251221698364,3.15,0.2022747675534982,3.15,0.0,-0.4855666399999998,FastCharge_000039_CH27,FastCharge_000039_CH27,861,6,FastCharge_000039_CH27,0.0001511175947,0.0001177748413279,0.0001369397587778,-0.0004972540468237,0.0002058324486325,0.0004633808345395,0.0016104354950255,0.017391979474738,0.0207772388642826,0.0487116996975168,0.0499786367880375,0.0483991828107366,0.0464077876086431,6015.889715169271,1752.1226603190105,-25.27204971710548,0.8740082441529718,0.0482918293567996,1.0052980102560307,-0.0002676846437042
1.1415904099999998,1.08203404,0.0595563699999999,-0.0003595173369336,1.076773,0.0600641933216554,-4.937346354635055e-05,-0.0054523609999999,0.0166253130882978,0.0166508991271257,2.558603882789681e-05,1.278162816248205e-06,35.39118118286133,0.0067730494515514,36.25875854492188,32.68479629516602,0.0026539731762481,4.965216064453125,9126.4,665.6,8460.8,-50.32055205520547,8428.830517788336,0.881965350551444,-0.0003218222132363,3.15,0.2022747675534982,3.15,0.0,-0.4854336999999999,FastCharge_000039_CH28,FastCharge_000039_CH28,918,6,FastCharge_000039_CH28,-1.0795878999999995e-06,4.868994999999998e-05,-8.150135106972656e-05,-0.0003139298761358,0.0001536229003446,0.0003659681277902,0.0014925845702847,0.012977189593096,0.0199562623609026,0.0489490368905259,0.0503325114740451,0.0488732266037044,0.046908321281007,5947.155889485677,1689.8295642089845,-25.34511430496076,0.8741693671021753,0.0479685849823531,1.0047103807143818,-0.0002671130966232
1.1623325000000002,1.07887141,0.0834610900000001,-0.0004945018427842,1.0695118,0.0859200562634269,-0.0001958244680468,-0.0051914329999999,0.0188360679894685,0.0176022574305534,-0.0012338105589151,-6.590568193114628e-06,34.83157199859619,0.0095701365867176,35.575103759765625,31.764773960113526,0.00333838767559,5.010660648345947,3814.4,576.0,3238.4,-19.21267326732672,3214.374371226848,0.8773295827335802,-0.00035144573704,3.15,0.2022747675534982,3.15,0.0,-0.6952852,FastCharge_000040_CH32,FastCharge_000040_CH32,521,2,FastCharge_000040_CH32,0.0003054807709999,-0.0004050817799999,-0.0002386008896128,0.0006495014491165,-0.000115072292773,-0.0001161581442593,0.0001458621077083,0.0049283637809462,0.0112663178843945,0.0463572879580571,0.0490636005333634,0.0471672056331375,0.0453598387657624,5535.518898518881,1882.6085054524744,-21.776390025013228,0.8682113783862704,0.0502727884489877,1.0036436589922662,-0.0002074440734499
1.15939424,0.976398993,0.1829952469999998,-0.0015965324535853,0.96991605,0.0970647783347761,-0.0012744425080708,-0.0044489727999999,0.0189859243109822,0.0167830057442188,-0.0022029185667634,-1.7283956567482173e-05,36.78861446380616,0.0028256560015741,38.5433235168457,32.38045827865601,0.0104527331814908,7.725423927307129,3840.0,652.8,3187.2,-18.78562256225621,3210.449243579471,0.8547060485689287,-0.0003961360341976,3.15,0.2022747675534982,3.15,0.0,-0.7059467000000001,FastCharge_000041_CH10,FastCharge_000041_CH10,172,2,FastCharge_000041_CH10,0.000130735666,-0.00057080646,0.0007610166468861,1.7250576704617993e-05,0.0006966303197511,0.0016962802125536,0.0051906268326283,0.0474870692492561,0.1402208346838478,0.0313303444782095,0.0329094313747054,0.0288674034720887,0.0194124732581012,5512.194147949219,1763.275789794922,-23.12957689872989,0.8437597135255321,0.0570318938982428,1.0028840719517995,-0.0002289588245212
1.15871296,1.07226766,0.0864453,-0.0005174137017701,1.0651143,0.0875856241810903,-0.0002167809594959,-0.0054280929999999,0.0185685150325298,0.0170975305140018,-0.0014709845185279,-8.28334308899169e-06,38.774611473083496,0.0164324622235783,40.03132629394531,33.59387773513794,0.0049047329774176,8.276212139129639,3865.6,601.6,3264.0,-19.33710171017101,3239.2913239781324,0.8728277672526044,-0.0003670304876895,3.15,0.2022747675534982,3.15,0.0,-0.7079695399999999,FastCharge_000042_CH36,FastCharge_000042_CH36,488,2,FastCharge_000042_CH36,-0.0001942903086999,0.000411887789752,0.0003772792781626,-1.1907223637966022e-05,1.9277599281707428e-05,0.000174020895457,0.0011501759039413,0.0218255675303992,0.0334724385360903,0.0451354516930998,0.0461445413942735,0.0444477512703644,0.0417914570935705,5695.227457682292,2023.8145629882813,-21.70880984199492,0.8632955724007803,0.0519749753731424,1.003839575915427,-0.0002077386361314
1.1584627,1.06775239,0.0907103100000001,-0.0005709901560155,1.0651031000000002,0.0869904535099298,-0.0002669367632763,-0.0058216409999999,0.0193372458219528,0.0176529794931411,-0.0016842663288116,-1.122300164087234e-05,38.6582234954834,0.0132875198377992,39.45745849609375,33.36733812332153,0.0092694811129977,8.61159393310547,3852.8,601.6,3251.2000000000003,-19.440024002400225,3226.1393834736905,0.8746065808112895,-0.0003627602288305,3.15,0.2022747675534982,3.15,0.0,-0.7011911,FastCharge_000043_CH16,FastCharge_000043_CH16,598,6,FastCharge_000043_CH16,-1.263967099999999e-06,0.0003051749699999,-0.00038362718575,-9.288481731289846e-05,-2.647205679291026e-06,5.306102391901616e-05,0.0005482344437997,0.0177347212162676,0.0253191902425856,0.0436205290205165,0.0447069563317035,0.0434839553988259,0.0410275269425519,5578.909479166667,1993.3978055826824,-21.27983290782689,0.8653648447111317,0.0513641942125469,1.0042264233801306,-0.0002120238155854
1.13475176,1.06256157,0.0721901899999999,-0.0004928141470147,1.0614847,0.0607889827830445,-0.0001846304188418,-0.0058327369999999,0.015635222569108,0.0151507252827286,-0.0004844972863793,2.4740327291577463e-06,34.92738258361816,0.0004703022029497,35.50493240356445,32.135171241760254,-7.97152698057686e-05,4.964952373504639,1779.2,524.8,1254.4,-7.419621962196214,1246.935504988129,0.8738711971502567,-0.0003715344449983,3.15,0.2022747675534982,3.15,0.0,-0.4854111600000002,FastCharge_000044_CH11,FastCharge_000044_CH11,535,4,FastCharge_000044_CH11,-3.309886105986106e-05,-0.0006808721299999,0.0003523628999999,0.0005854008792074,6.042056135251509e-05,0.0002674382424199,0.0021160942703409,0.0440313552515868,0.0512034696498586,0.0486999560766537,0.0495222145715001,0.0467260712677119,0.0429950818051149,2244.5263387044265,1590.845651855469,-9.26777722520788,0.8637035035037804,0.0525251167061714,1.0050700228672356,-0.0002652875249498
1.1443931399999998,1.0776200299999998,0.0667731099999999,-0.0004338770075007,1.0769062,0.0601969231325328,-0.0001298313165316,-0.0060904539999999,0.0152981461025774,0.0151321423240005,-0.0001660037785768,6.166104201597447e-06,36.94215103149414,-0.0071331615888639,37.61555862426758,33.1110174369812,-0.0008845541193218,6.691096401214599,1766.4,537.6,1228.8000000000002,-7.35587158715871,1246.8507528970738,0.8769931903259135,-0.000373381411079,3.15,0.2022747675534982,3.15,0.0,-0.48326132,FastCharge_000044_CH12,FastCharge_000044_CH12,560,4,FastCharge_000044_CH12,-0.0002788392505,0.00073336306,0.0003503547973808,0.0004204738325382,0.0002032441122499,0.0005284176637503,0.0034791836618759,0.0508429210028732,0.057504706557772,0.0519640264888623,0.0526105174331503,0.0493577536524956,0.0455002188451638,2296.5501106770835,1642.62193359375,-9.428869285756688,0.8667243212629965,0.0523138447161769,1.0052681154659746,-0.0002594672178976
1.13326293,1.0758193300000003,0.0574435999999995,-0.0005465145196519,1.0691586000000002,0.0752917042892713,-0.0002410452721272,-0.0053333309999999,0.0167130989953875,0.016677201166749,-3.589782863855362e-05,-9.896947775665596e-07,35.37913360595703,-0.0005930438472313,35.99470520019531,31.585955410003663,-7.173051213203464e-05,6.032596321105957,2009.6,780.8,1228.8,-7.378913891389132,1233.8635671742636,0.8905663854798466,-0.0002727496539306,3.15,0.2022747675534982,3.15,0.0,-0.4861591599999999,FastCharge_000045_CH1,FastCharge_000045_CH1,1190,6,FastCharge_000045_CH1,0.0001265048243,0.00064420796,-0.0002145822015853,0.0002679707271772,-5.608458526153333e-05,-0.0003587222308803,-0.0014535556861421,-0.0106164306200651,-0.0017404962098166,0.0477165901864154,0.0492426090918374,0.0495799526843345,0.0484558328498126,2337.8340344238286,1706.076922607422,-11.579717276244228,0.8851301459423165,0.0427993338904251,1.0046258638615675,-0.0002639134646048
1.1378459199999995,1.08085092,0.0569949999999996,-0.000346114310831,1.0725228999999998,0.0598092814494095,-3.984981158115935e-05,-0.005321482,0.0169950859621167,0.0169681983068585,-2.6887655258180796e-05,7.924130636312378e-06,34.16375232696533,-0.0020967247863092,34.71226501464844,31.32136152267456,-0.0022999114372191,4.600105018615722,2009.6,806.4,1203.1999999999998,-6.902706270627059,1233.6829647847132,0.889075729482838,-0.0002588124986478,3.15,0.2022747675534982,3.15,0.0,-0.4853258599999999,FastCharge_000045_CH2,FastCharge_000045_CH2,1179,6,FastCharge_000045_CH2,-0.0001261009199999,0.0008191380997394,0.000112734,-0.0001346957272657,-4.660856571756834e-05,-0.000147672378555,-0.0007322093764545,-0.0081011889034014,0.0006407267495079,0.0457268316963264,0.0475022831088449,0.0470155281893754,0.0461501072585862,2338.388557128907,1690.828527832031,-9.356682373388711,0.8839314182515258,0.0430878531118307,1.0045780761888536,-0.0002628293335998
1.14258765,1.08517937,0.0574082799999999,-0.000343407690969,1.0773673,0.0600358769203417,-3.6200790279025175e-05,-0.0054135499999999,0.0168124787509441,0.016819098778069,6.6200271248810505e-06,8.156743082794828e-06,34.5477473449707,-0.0015806721968582,35.127342224121094,31.470647010803223,-0.0023135928781476,4.904376621246338,2009.6,832.0,1177.6,-6.9365016501650105,1233.6829647847132,0.8902986512165234,-0.0002625017747617,3.15,0.2022747675534982,3.15,0.0,-0.4866631599999997,FastCharge_000045_CH3,FastCharge_000045_CH3,1177,6,FastCharge_000045_CH3,6.53157724e-05,0.000263300298128,-0.0007351613,0.0003823020838741,3.8788365080959925e-06,4.046743395921468e-05,-6.181439458126381e-05,-0.0006092103637734,0.0076391545656193,0.0490310109489381,0.0504551776968913,0.0497148789700489,0.0485529662431365,2351.035052897135,1698.6601204427086,-9.41081175351422,0.885014385856603,0.0435333665720572,1.0046459826642655,-0.0002627221718145
1.14154973,1.08224668,0.0593030499999998,-0.0003600749798979,1.0764788,0.0599521708471027,-5.001406720672346e-05,-0.005452031,0.0167165543884038,0.016680752672255,-3.5801716148854e-05,6.014273965497726e-07,36.63161529541016,0.0084821266703087,37.75831604003906,32.82123348236084,0.0027814186982052,6.594490871429444,9152.0,678.4,8473.6,-50.39428742874284,8427.344542523464,0.8825321079019953,-0.0003118970338349,3.15,0.2022747675534982,3.15,0.0,-0.4847526800000001,FastCharge_000046_CH31,FastCharge_000046_CH31,891,6,FastCharge_000046_CH31,-6.913529000000005e-07,-0.00026895769,0.0007314453876898,0.0005904641318122,-4.248019438842995e-06,9.651819969453204e-05,0.0007460382755795,0.0111579168883907,0.0168744745960703,0.0473428738070012,0.0486261034762992,0.0494482844742126,0.0456542650174226,5929.541437581382,1707.883297119141,-25.04600769813309,0.8751212707647165,0.0471503794518346,1.0047136455769885,-0.0002672506175378
1.14132456,1.08180762,0.0595169399999999,-0.0003606095589558,1.0765325,0.0599362613147408,-5.136271347134587e-05,-0.005349694,0.0169301426038146,0.0169176388531923,-1.2503750622273184e-05,8.074278467380412e-07,34.866341781616214,0.0059557173826513,36.165897369384766,31.97338809967041,0.0023771076448465,5.060003089904785,9152.0,640.0,8512.0,-50.68999699969996,8427.967132731355,0.8818141667563992,-0.0003068769482192,3.15,0.2022747675534982,3.15,0.0,-0.4842449799999999,FastCharge_000046_CH32,FastCharge_000046_CH32,1015,6,FastCharge_000046_CH32,-7.02184317e-05,-0.0004770723975789,0.0001738855999999,-0.0002237577354687,7.057406595710643e-05,0.0001533625853188,0.0007367396467578,0.0088155272054319,0.0148025807459954,0.0458462793084318,0.0468649221296327,0.0480992913525278,0.0443650822428631,5859.824717610677,1664.9080244954428,-24.924449435983625,0.8746783776225323,0.0467483164303615,1.0046187155780746,-0.0002664711356889
1.1666704500000002,1.0770610399999998,0.0896094100000004,-0.0005582935763576,1.0718927,0.0874942459408187,-0.0002542576273627,-0.0053563629999999,0.0188522143289446,0.0173572117462754,-0.0014950025826692,-9.570413126875388e-06,36.27783710479736,-0.0086517277902717,37.16372680664063,32.34175518035889,-0.0046225963309831,6.157170963287354,3814.4,640.0,3174.4,-18.64967296729671,3212.26730245165,0.8741980145402698,-0.000379327258339,3.15,0.2022747675534982,3.15,0.0,-0.70598626,FastCharge_000047_CH21,FastCharge_000047_CH21,522,65,FastCharge_000047_CH21,-9.838796000000006e-07,-0.0002569235099999,0.0001441294714503,0.0007610614154809,0.000542409504491,0.0011087197953299,0.004686381263049,0.0488243853507738,0.0386076782772717,0.0462452784050483,0.0463067877552219,0.044167128381114,0.0410600994521674,5717.044114583333,1916.8577034505208,-22.84530525537904,0.8641944393027648,0.0526383388781919,1.003757135477248,-0.0002100702760598
1.14437393,1.08596922,0.05840471,-0.0003542508514851,1.0803633999999998,0.0587747127648956,-5.160525592559028e-05,-0.004937777,0.0167444176971912,0.0167877860367298,4.336833953857283e-05,1.3471528677621683e-06,37.74450244903564,0.0087412373210587,38.38856887817383,33.435213813781736,0.0026899993695047,7.468822956085205,9164.8,729.6,8435.199999999999,-50.13467746774675,8410.90123266229,0.8834875212916614,-0.0002973493625935,3.15,0.2022747675534982,3.15,0.0,-0.4752647400000001,FastCharge_000048_CH43,FastCharge_000048_CH43,967,8,FastCharge_000048_CH43,3.234580999999988e-07,0.00029711874,-0.0001604532284571,0.0007434606094665,0.0002038135283061,0.0003144099078173,0.0014034001146301,0.0089537891343655,0.0141317561808077,0.0486405236934973,0.0497909854086433,0.049230414904852,0.0472206170591897,6007.183249104817,1768.684322509766,-25.14727392517081,0.8767772696547915,0.0453570207297566,1.0042303969185118,-0.0002598775792187
1.14140724,1.08234008,0.0590671599999998,-0.0003543346726672,1.0760245000000002,0.0600803238328739,-4.320009900990448e-05,-0.0051957149999999,0.0168320279568433,0.0168257040902972,-6.323866546153328e-06,9.665435234274933e-07,36.81453804016113,0.0067819141075484,37.57667541503906,33.051418685913085,0.0024365927040701,6.576230602264404,9164.8,716.8,8448.0,-50.13698169816979,8411.031841575683,0.8832204699993221,-0.0003063200212656,3.15,0.2022747675534982,3.15,0.0,-0.4860000599999998,FastCharge_000048_CH44,FastCharge_000048_CH44,1052,8,FastCharge_000048_CH44,7.100897939999998e-05,-7.752546763927729e-05,-0.0005706328603645,0.0006769132374443,0.0002482499086126,0.0002211154016242,0.0004929673808215,0.0093887301435549,0.0128919937635079,0.0474222118163072,0.0486111107907797,0.0483674148006301,0.0460663100060311,5979.200785725911,1735.077595621745,-25.236969677924822,0.8763291544457326,0.0468518402348743,1.004477396460933,-0.000268272283045
1.16835216,1.0853255699999995,0.0830265900000002,-0.0004887055499549,1.0753652,0.0867361823089775,-0.0001900044230423,-0.0053988159999999,0.0213977795094251,0.0202763451263308,-0.0011214343830943,-5.270121968386255e-06,38.083196296691895,0.0149724524378097,39.08794784545898,33.37415214538574,0.0049351077533291,7.798472995758057,3840.0,588.8,3251.2,-19.323276327632755,3214.10013534115,0.8728578559112706,-0.0003580519359766,3.15,0.2022747675534982,3.15,0.0,-0.7022401800000002,FastCharge_000049_CH37,FastCharge_000049_CH37,562,6,FastCharge_000049_CH37,-1.0052496999999983e-06,0.0004193734499999,-0.0002626829971501,0.0001960067838448,0.0010206550875766,0.0004362844536422,0.0016385368518089,0.022894090393446,0.0330725974205021,0.0411106134980368,0.041528860603612,0.0398468004542495,0.037714592183389,5683.2499963378905,2011.4616540527345,-21.725911557293436,0.8633454386286701,0.0509231423443334,1.0038005939722932,-0.0002054799546543
1.10725658,1.05723835,0.05001823,-0.0003085760786078,1.0551282,0.0495138710422592,-1.0536549054902831e-05,-0.0051839679999999,0.0158364627510309,0.0156784605234861,-0.0001580022275447,-7.239935325585279e-07,37.52158130645752,0.0057434106066247,37.973541259765625,34.57703157424927,0.0069718100464526,5.976544914245605,10688.0,614.4,10073.6,-59.875427542754245,10052.606862381515,0.8807790063672543,-0.0002952030487805,3.15,0.2022747675534982,3.15,0.0,-0.3994073200000001,FastCharge_000050_CH32,FastCharge_000050_CH32,1003,9,FastCharge_000050_CH32,4.458765599999999e-05,8.744988000000003e-05,-0.0009349414049946,-0.000710542408547,-0.000171186620956,-0.0002382961623441,-0.0009663561275963,-0.000622984543157,0.0095726290573013,0.0485233632115401,0.0497230487612466,0.0497951874049396,0.0479168585592612,6738.039171142579,1516.2849963378908,-31.215391616920467,0.8744128174267504,0.0449407061736977,1.0049211412824812,-0.0002829631438124
1.13321591,1.0763049800000002,0.0569109299999999,-0.0003268596735673,1.0682120000000002,0.0597937888622776,-2.030696069607188e-05,-0.0059115359999999,0.0171199735254049,0.0170392440631985,-8.072946220636507e-05,-6.200955158556536e-07,36.624775428771976,0.0051940650836934,37.81881332397461,33.04586404800415,0.0018844991913437,6.546177158355713,1894.4,640.0,1254.4,-18.217245724572443,2734.141122912277,0.8796073955084949,-0.0002987654517405,3.15,0.2022747675534982,3.15,0.0,-0.48468346,FastCharge_000051_CH15,FastCharge_000051_CH15,881,4,FastCharge_000051_CH15,-3.6676707800000006e-05,-0.0003810243732791,0.0005564122592723,0.0003971687013712,-6.59587174069512e-05,-0.0001096376522378,-0.0002006288279178,0.0025408954544665,0.0107404583625476,0.0449823067090981,0.0464474873284806,0.045727976761122,0.0441514165218208,2330.64755452474,1702.266197916667,-10.129457698064725,0.8723209928652071,0.0462330538681001,1.0051508407183334,-0.0002645055926922
1.1230886999999998,1.0678613,0.0552273999999997,-0.0003164905070507,1.0585988000000002,0.058635961114651,-1.6481802580258326e-05,-0.00573777,0.0170626362785696,0.0169335300102829,-0.0001291062682867,-2.569281192925269e-08,37.04697906494141,0.0080339689394965,38.47616958618164,33.11153486251831,0.004316760720414,7.09771499633789,1894.4,640.0,1254.4,-18.24259225922593,2733.9970024855543,0.8805829384611152,-0.0002980335278259,3.15,0.2022747675534982,3.15,0.0,-0.4760764000000002,FastCharge_000051_CH16,FastCharge_000051_CH16,720,4,FastCharge_000051_CH16,0.0002034064798,-0.00030526011,1.733400133088845e-06,-6.438498860660002e-05,-0.000208642431696,-0.0004369995159733,-0.0015098034052572,-0.0066119903102329,0.0054871859060467,0.0448605602689197,0.0472892617170145,0.0466035306819176,0.044880239619484,2321.03512064,1707.8580946133334,-9.98689113957156,0.8733706326991616,0.045456206321751,1.0050321218294984,-0.0002606687570686
1.16117406,1.08003326,0.0811408,-0.0004999047668766,1.0735563,0.0814099192226724,-0.0002207764998499,-0.0041208729999999,0.0186232445761561,0.0171322882175445,-0.0014909563586115,-9.29436580737064e-06,38.15011405944824,0.0172816678793123,39.39713668823242,33.30574291229248,0.0067612532356139,7.806224765777588,3827.2,614.4,3212.8,-19.07288328832883,3200.951154641382,0.8753733829728112,-0.0003488525253416,3.15,0.2022747675534982,3.15,0.0,-0.65757296,FastCharge_000052_CH41,FastCharge_000052_CH41,532,6,FastCharge_000052_CH41,-0.0001030550039,0.0001541842890823,-0.0005890256,0.0002677031376547,1.1254317971750095e-05,-6.872876574241446e-05,0.0007384067829483,0.0184030249567582,0.0287835345321664,0.0430945702182559,0.0477254141514046,0.0456087690633601,0.040217715001426,5654.19810099284,2008.5944177246088,-21.55763108373824,0.8662144839111285,0.0482657677057738,1.002755274043121,-0.0001953755450724
1.15865235,1.07451536,0.0841369899999999,-0.0004972620360035,1.0648383999999995,0.0870832075850301,-0.0001927140144014,-0.0053033799999999,0.0190483085811138,0.0177591694518923,-0.0012891391292214,-6.9178636259872905e-06,37.407424468994144,0.0173275153900889,38.92290115356445,33.1012141418457,0.0091878888358807,7.155904960632324,3827.2,601.6,3225.6,-19.3255805580558,3226.833795781866,0.8741011475729491,-0.0003719998893992,3.15,0.2022747675534982,3.15,0.0,-0.70481536,FastCharge_000053_CH42,FastCharge_000053_CH42,454,6,FastCharge_000053_CH42,0.0002966170683631,-0.0007465227099999,8.957484673913262e-05,-0.0003181440681138,-0.000448392858391,-0.0007519314418479,-0.0022151597114958,-0.0075820346086961,0.0102739250140169,0.044229512854491,0.0482248655795192,0.0462013226368502,0.0439901888612189,5651.689938151043,1968.394609375,-21.909306571160027,0.8640090402763245,0.0527325856770813,1.0037317974228306,-0.0002119184443446
1.15839159,1.05372656,0.10466503,-0.0007257922652265,1.0524901000000002,0.0881493068288455,-0.0004185158199819,-0.0056227379999999,0.0177996180951595,0.0158170480281114,-0.001982570067048,-1.321451984929354e-05,37.28720684051514,0.0132088053394575,38.29935073852539,32.74495784759522,0.001878810462528,7.694154682159424,3852.8,588.8,3264.0,-19.44309630963096,3226.1393834736905,0.8743109753566967,-0.0003831383778312,3.15,0.2022747675534982,3.15,0.0,-0.7038442800000002,FastCharge_000054_CH15,FastCharge_000054_CH15,547,6,FastCharge_000054_CH15,0.000196452675,3.1743498855575e-05,0.0005669878,-0.0003016281836892,7.466224920151497e-05,0.0003707311153381,0.0022041522256031,0.0399521861285083,0.0498068158944881,0.0453563601459758,0.047297569127879,0.045095344857065,0.03998720233069,5562.983061523437,1926.810834147136,-21.773548319602455,0.863911991348816,0.0534150270317724,1.0040357882206794,-0.000214559256667
1.1730647400000005,1.08661909,0.0864456500000003,-0.0005204996621662,1.0786781,0.08724968581997,-0.0002163184128412,-0.0053651479999999,0.0186953233554959,0.0173728436231613,-0.0013224797323346,-8.629724056986166e-06,36.72952648162842,0.0136641502666501,38.406009674072266,32.63009225845337,0.0029168549751397,6.50738904953003,3840.0,614.4,3225.6,-18.99991599159915,3212.554954798439,0.8783526324473411,-0.0003664366447713,3.15,0.2022747675534982,3.15,0.0,-0.7052708399999998,FastCharge_000055_CH20,FastCharge_000055_CH20,533,4,FastCharge_000055_CH20,-8.488458299999998e-05,-0.0001212980297345,0.0003189227116729,-0.0001394847209327,0.0002915499360326,0.0006167049397538,0.0026704654209528,0.0236809279510196,0.0166523788157419,0.0495749576103801,0.0495108757997393,0.0475642319035276,0.0471780408334388,5764.042842203775,1950.305967203776,-22.718697305472723,0.8691115336418468,0.0509860559049771,1.0037498244075769,-0.0002093932228737
1.16368337,1.07638161,0.0873017599999999,-0.0005284076873687,1.0708591,0.0873440956068529,-0.0002265021014101,-0.0058067569999999,0.0189810339361429,0.0174899285659194,-0.0014911053702235,-8.784485000087572e-06,37.35446830749512,0.0177608139079288,39.19879531860352,32.71960216522217,0.0065381676564873,7.579510250091553,3827.2,601.6,3225.6,-19.195007500750062,3227.3800802508526,0.876623431545524,-0.0003730694350677,3.15,0.2022747675534982,3.15,0.0,-0.70532704,FastCharge_000056_CH11,FastCharge_000056_CH11,466,2,FastCharge_000056_CH11,-7.755511820451058e-05,0.0001368002720726,-2.997867355864284e-05,8.30368821351686e-06,3.9383364909275145e-05,0.0002091585189449,0.0013919248525379,0.0312420683377075,0.033294799865361,0.0462907459034507,0.0507895511205775,0.0494949726459249,0.0424599144698825,5628.339034016927,1973.2151110839843,-21.5884896097764,0.8661366718084258,0.0527843115225433,1.0041836333168812,-0.0002085659547549
1.14169937,1.08160966,0.0600897099999999,-0.0003683238775877,1.077118,0.0597427894391875,-6.123470147014714e-05,-0.0054340739999999,0.0160810306668281,0.0161159221082925,3.4891441464426215e-05,1.2384753527850264e-06,36.78428371429443,0.0088866585709473,37.48399353027344,33.514846839904784,0.0034865106765193,6.140576553344727,9075.2,588.8,8486.400000000001,-50.32669666966692,8409.584316575938,0.8817309862036078,-0.0003236165288866,3.15,0.2022747675534982,3.15,0.0,-0.4825068000000001,FastCharge_000057_CH35,FastCharge_000057_CH35,710,6,FastCharge_000057_CH35,4.7901200000000964e-08,-0.0001637656799999,-0.000190107925916,-6.636640089540975e-05,0.0002053817225682,0.00045062448112,0.0025495154918811,0.0219615333589514,0.0272116752947725,0.0516978409128781,0.0526723866744297,0.0508697179400693,0.0486775301727322,5944.296012053334,1706.8327841066668,-25.12843786765234,0.8738481159130412,0.0479802861987124,1.0046945229615194,-0.0002643441607822
1.1566305300000002,1.0955912099999998,0.0610393200000003,-0.000378785640564,1.0917602,0.0598901571147533,-6.863925652564908e-05,-0.005523265,0.0169635072350502,0.0169517485424876,-1.1758692562580804e-05,7.35078316585345e-07,30.70503391265869,0.0014153027012296,31.65890121459961,30.372481384277343,0.0003053279113311,0.6968851089477539,9062.4,601.6,8460.8,-50.282916291629135,8409.716894164749,0.8805199004884926,-0.0003175118558447,3.15,0.2022747675534982,3.15,0.0,-0.4832679599999998,FastCharge_000057_CH36,FastCharge_000057_CH36,877,6,FastCharge_000057_CH36,-0.0001063694405999,-9.359604872833729e-05,-0.0004969685881101,-0.0004906063275128,0.0001579915740796,0.0003448427164871,0.0016881415946842,0.0183931192047534,0.0235600282174068,0.0488665163931434,0.0499934024509034,0.0484904156893528,0.0462776596297757,5782.903162434895,1540.3143326822917,-25.264316656812134,0.8727613462226309,0.0473129834251163,1.0047219133605476,-0.0002641170326599
1.14237547,1.08341669,0.0589587799999999,-0.0003522724062406,1.0771072,0.0600815362606112,-4.185737413741374e-05,-0.005184209,0.0167570035904645,0.0168627928942441,0.0001057893037796,2.061878994639297e-06,37.65501983642578,0.0129032967078446,38.397422790527344,33.55844213485718,0.0042078880472581,7.307637748718261,9113.6,665.6,8448.0,-50.28982898289827,8403.359291711857,0.878466250893711,-0.0003475152799369,3.15,0.2022747675534982,3.15,0.0,-0.4859804000000003,FastCharge_000058_CH45,FastCharge_000058_CH45,703,8,FastCharge_000058_CH45,-1.4039682999999977e-06,-0.0002211902699999,0.0003237327552923,0.0001453973730074,0.0002952953131916,0.0004888640380818,0.0021540866951895,0.0226611653573472,0.0266476743128483,0.0477580439340703,0.0489880169709944,0.0470456293170544,0.0447705846915453,5978.078755306668,1744.022312106667,-25.10896285837223,0.8696475748826538,0.0503358053439457,1.0044600744173942,-0.0002672079042005
1.1295296899999998,1.06904952,0.0604801699999997,-0.0003736665544554,1.0662935,0.0592763022234158,-6.944669066906735e-05,-0.005267989,0.0161182573065161,0.0162310948595404,0.0001128375530242,2.0832740532683293e-06,36.81270904541016,0.009260702330609,37.72516632080078,33.31599050521851,0.0030728451453848,6.563518123626709,9113.6,665.6,8448.0,-50.2153255325532,8403.481829241975,0.878691102082674,-0.0003353440798415,3.15,0.2022747675534982,3.15,0.0,-0.4781275199999997,FastCharge_000058_CH46,FastCharge_000058_CH46,652,8,FastCharge_000058_CH46,-0.0001485378769999,0.0008686801352235,-0.0003867848,-0.0001505980720447,0.0001683240332573,0.0003064565625861,0.0013140384422778,0.0208604412333893,0.0289277371620217,0.0470431455652028,0.0479477705950679,0.0463788818611829,0.04404082748904,5949.513939733331,1730.2636852266671,-25.011595800789653,0.8704260799174085,0.0492222367362474,1.0045868931784856,-0.000264329290261
1.16222703,1.0798581500000002,0.0823688799999997,-0.0004860640444044,1.0712117,0.0851692976392536,-0.0001930558937893,-0.004550845,0.0188109472393989,0.0176057202741503,-0.0012052269652485,-6.1244159342289206e-06,37.83959571838379,0.0152124050906069,39.24919128417969,33.21589805603028,0.006223591994209,7.580385665893555,3865.6,601.6,3264.0,-19.354767476747668,3227.3800802508526,0.8765632125055254,-0.0003485072995722,3.15,0.2022747675534982,3.15,0.0,-0.6887923200000001,FastCharge_000059_CH33,FastCharge_000059_CH33,546,2,FastCharge_000059_CH33,5.587291999999998e-06,-0.0003321765722863,5.048590000000016e-05,-0.0004700973133407,8.04279548810051e-06,-0.0003297444927817,-0.0014099038653193,-0.0062614584813498,0.0081909628658742,0.0444461858366902,0.0488713143761593,0.0471692167431503,0.0442432986723864,5650.94335123698,1988.3221313476563,-21.62035963701348,0.8673435128811242,0.0493534104335389,1.0030667247597376,-0.0002031563441638
1.16939803,1.07264792,0.0967501099999998,-0.0006341290765076,1.0718275,0.087604892990689,-0.0003324400972097,-0.0052101,0.0182111026719212,0.0166085518896579,-0.0016025507822632,-9.866177425472496e-06,37.689091796875,0.0155568265414187,39.08768844604492,33.32450660705567,0.006381404955681,7.430116577148437,3865.6,614.4,3251.2,-19.28640864086407,3238.7328840767345,0.8750314781793507,-0.0003973740818443,3.15,0.2022747675534982,3.15,0.0,-0.7029329,FastCharge_000060_CH29,FastCharge_000060_CH29,522,4,FastCharge_000060_CH29,-3.74445702e-05,-0.00022776544,0.0005692101050744,0.0006558135314419,0.0002952641027259,0.0008176250735653,0.0041419826049806,0.0599630615219957,0.0697534597902674,0.0489902948718848,0.0495306184205989,0.046417022321566,0.0412062372907216,5675.526368815104,1999.9999165852869,-21.73329179778328,0.863811222909813,0.0542827715174457,1.0036220149575448,-0.0002079151026942
1.1684211100000002,1.0828481399999998,0.0855729700000003,-0.0005064036957695,1.074605,0.0876400711726589,-0.0002009682574257,-0.0050835299999999,0.0184480002149939,0.0172921920195221,-0.0011558081954717,-5.819801137213444e-06,37.96633186340332,0.019374144949285,39.33920669555664,33.10692649841309,0.0052181177285208,7.648189468383789,3852.8,614.4,3238.4,-19.314059405940583,3239.2913239781324,0.8764988409270974,-0.0003846091676016,3.15,0.2022747675534982,3.15,0.0,-0.7083781200000001,FastCharge_000061_CH43,FastCharge_000061_CH43,494,6,FastCharge_000061_CH43,0.0001644645099999,-0.00089002446,3.861502870685253e-05,-0.0003194431216248,0.0001148690806235,0.0003347964288381,0.0018801280060416,0.0255017870327446,0.0348072640027126,0.0479730780732573,0.0492292774213754,0.0473217477593988,0.0442716797740204,5721.807012125651,1999.007260742188,-21.994271894059505,0.8658195983019528,0.0535844569613334,1.0034933220534727,-0.0002107026912357
1.1621916899999998,1.0795891899999996,0.0826025000000001,-0.000482053870387,1.0683196,0.0865548410479634,-0.0001806005418541,-0.005297054,0.0188877386972308,0.0180112088099122,-0.0008765298873186,-2.65140229477885e-06,36.68683933258057,0.0173497578563398,37.89493179321289,32.27914493560791,0.0042855287649736,6.983599510192871,3814.4,614.4,3200.0,-19.10821482148213,3213.8238368647394,0.8727095639019953,-0.0004117605152016,3.15,0.2022747675534982,3.15,0.0,-0.7009482,FastCharge_000062_CH47,FastCharge_000062_CH47,451,6,FastCharge_000062_CH47,-0.0001066895107,0.0007191621799999,0.0002221792698452,0.000511576764021,0.0003294230070971,0.0005224285822735,0.0032103797266381,0.0390419345514245,0.0467218965285861,0.0473412594435932,0.0481846275282139,0.0455070501432677,0.0422034275435389,5550.404838460287,1941.3912137858072,-21.36900672508656,0.8610070132795036,0.0557803876551357,1.0037270041922313,-0.0002091552682701
1.1410823,1.0847905999999998,0.0562917000000002,-0.0003283538475847,1.0769014,0.0586089177665796,-2.8718294029400987e-05,-0.005445198,0.0163698658347129,0.0163921184837818,2.225264906883032e-05,7.675346238563784e-06,30.66767255783081,-0.0007971725784333,31.69141387939453,29.945986022949217,-0.0022748401549137,1.2800806617736815,1971.2,729.6,1241.6,-7.354335433543353,1241.8104563901843,0.8877755362373473,-0.0002748761544858,3.15,0.2022747675534982,3.15,0.0,-0.4750351199999998,FastCharge_000063_CH5,FastCharge_000063_CH5,1227,4,FastCharge_000063_CH5,1.9374774e-05,0.0001843838999999,0.0003034606125435,0.0007613981501133,-4.4463783205902704e-05,-5.2369880181767775e-05,-0.0001683017576726,-0.0017255704974558,0.0072847490523335,0.0504321408598988,0.0515605785071067,0.0507957357360766,0.0500725685073948,2226.498447265624,1574.9370377604166,-9.41168215969546,0.8820909067864463,0.0434414490656216,1.004684833379279,-0.0002563291943114
1.13922958,1.08276286,0.0564667199999999,-0.0003283366720672,1.0760567,0.0587820337106517,-2.936817041703812e-05,-0.0051856139999999,0.0167751546949148,0.0167286716401576,-4.648305475711892e-05,7.257203828848609e-06,34.38474494934082,0.0015378865614832,35.65174102783203,31.43268934249878,0.0005898275412562,4.89575532913208,1971.2,729.6,1241.6,-7.424230423042296,1241.3730101786496,0.885265798633602,-0.0002625700384739,3.15,0.2022747675534982,3.15,0.0,-0.4760888799999998,FastCharge_000063_CH6,FastCharge_000063_CH6,1227,4,FastCharge_000063_CH6,-8.908863300000002e-05,0.0007912549117433,0.0002247675426658,9.344971349008711e-06,-1.3726691680102446e-05,-4.865016990547241e-05,-0.0002374688413784,-0.0080996131118165,-0.0016526511243457,0.0459716797494273,0.0474443047400751,0.0471179178344389,0.046536835115184,2287.8886706542967,1650.7297595214843,-9.499120835276871,0.8798080764969832,0.0423524994424215,1.0044459526810716,-0.000255724414206
1.1604601799999998,1.07484588,0.0856142999999998,-0.0005047775415541,1.0661006000000002,0.088132711005399,-0.0002010342568256,-0.0054323779999999,0.0189688159152865,0.0178175929933786,-0.0011512229219079,-5.432597280192464e-06,36.36424331665039,0.0148379238711223,37.465702056884766,32.14451110839844,0.0037144993033239,6.683044319152832,3840.0,524.8,3315.2,-19.84864086408641,3240.917535266827,0.8721027335838449,-0.000385299588718,3.15,0.2022747675534982,3.15,0.0,-0.7126419400000001,FastCharge_000064_CH39,FastCharge_000064_CH39,489,6,FastCharge_000064_CH39,1.0411403999999992e-06,-0.0001269452099999,0.0007273839898354,-0.0005460718400381,8.409297248819156e-05,0.0002227497154488,0.0012060957084927,0.0163393286310271,0.0314112309593443,0.0432421122295124,0.0450702846247338,0.043028594026043,0.0402960151329848,5555.215067545572,1927.3098901367184,-21.51822462856637,0.8617002035063985,0.0535346904206576,1.0038257389130905,-0.0002096167044562
1.14950696,1.08927333,0.0602336300000001,-0.0003678083246324,1.0846132,0.0598491392995569,-5.762901890188771e-05,-0.0052426989999999,0.0163793744519352,0.0163790609687566,-3.134831786134884e-07,1.0077171910642668e-06,36.40297248840332,0.0088611447814702,37.07771682739258,33.13289352416992,0.0031041906833505,6.02069356918335,9113.6,640.0,8473.6,-50.33821782178215,8431.125547066653,0.8822472573940743,-0.0003215892592427,3.15,0.2022747675534982,3.15,0.0,-0.4834309199999997,FastCharge_000065_CH33,FastCharge_000065_CH33,871,6,FastCharge_000065_CH33,8.224880250000001e-05,0.0004940015019632,-0.0006421703817585,-0.0005634096112609,0.000123903563586,0.0002800257234931,0.0016080750357829,0.0164449131307871,0.0231214686311134,0.0499474520725689,0.0513897543487699,0.0493988819168448,0.0475248930663895,5936.628125,1714.4482177734376,-25.06418316860981,0.8740732283465704,0.0481201704493997,1.0044916557421324,-0.0002656503775566
1.13989633,1.08104348,0.05885285,-0.0003583372859285,1.0762453,0.0589489667120889,-5.40028154815465e-05,-0.0050905929999999,0.0161785116419196,0.0161994954571127,2.0983815193175576e-05,1.2212378880192048e-06,37.49968643188477,0.0088406544664476,38.17807388305664,33.86699607849121,0.0034360016354417,6.777967834472657,9126.4,640.0,8486.4,-50.400432043204304,8431.006520600014,0.882730703341243,-0.000311339223235,3.15,0.2022747675534982,3.15,0.0,-0.4762633399999998,FastCharge_000065_CH34,FastCharge_000065_CH34,843,6,FastCharge_000065_CH34,-1.046203499999999e-06,0.00045716968,0.0002593254580967,0.0001012370008914,0.0001944221002412,0.000420023991139,0.0022493883215164,0.017482225475047,0.0216971577446799,0.0502583968782376,0.0516478288555595,0.0497464069154159,0.0478889486133218,5989.291563313804,1745.703173421224,-25.154042027786748,0.8751506306139767,0.046706885613821,1.0043841539429916,-0.0002622196274756
1.1369718299999998,1.07747088,0.0595009499999998,-0.0003554539327932,1.0722208999999998,0.0604835689855717,-4.420385358535733e-05,-0.005343927,0.0166874622926116,0.0166835982352495,-3.86405736207962e-06,9.376836223642316e-07,36.85942714691162,0.0064107847628633,37.59622573852539,33.34424692153931,0.0032904078028348,6.364769973754883,8844.8,704.0,8140.799999999999,-48.3427542754275,8079.64795431088,0.8852158604014564,-0.0003122135149976,3.15,0.2022747675534982,3.15,0.0,-0.4889407800000003,FastCharge_000066_CH25,FastCharge_000066_CH25,1018,6,FastCharge_000066_CH25,-3.993837999999997e-05,-2.5978285922807472e-05,4.784789999999917e-05,0.0002139943768186,0.00017159684064,0.0003613864471571,0.0012948246174249,0.0136952919433046,0.0190175596578412,0.0493969138040747,0.0507298750140843,0.0491262520207764,0.0473963279983375,5828.83149210612,1750.7927176920575,-24.272806258799687,0.8777564816017642,0.0473282984593924,1.0046065069854344,-0.0002678918683761
1.1367995,1.07824382,0.05855568,-0.0003515802280227,1.0728924,0.0596440539564047,-4.7350610261022765e-05,-0.005704042,0.0167039006948471,0.0166828388348221,-2.1061860024929047e-05,7.669035956697204e-07,37.980118675231935,0.0074479410908007,38.67087173461914,33.810094604492186,0.003336280344343,7.405617923736572,8844.8,704.0,8140.799999999999,-48.3750135013501,8079.647954310879,0.8870583413908758,-0.0003015327484719,3.15,0.2022747675534982,3.15,0.0,-0.4823070200000001,FastCharge_000066_CH26,FastCharge_000066_CH26,855,6,FastCharge_000066_CH26,0.0002604927188,-0.0007298202494569,-0.0002768277769472,-3.775341425853868e-08,0.0001289421394599,0.0002789579915357,0.0014699267144349,0.0109606231111896,0.0153188997314664,0.0505735739966022,0.0517100594028709,0.0505055546607529,0.0489222829489302,5855.384947102863,1781.331738688151,-24.170322386706427,0.8800255848179444,0.0459454800360468,1.004942154872402,-0.000261482575458
1.13617581,1.07498517,0.0611906400000001,-0.0003720673495349,1.0702026000000002,0.0614240176561158,-5.263838223822765e-05,-0.005321908,0.0162663958966732,0.0163391482084989,7.275231182575156e-05,1.8270561421843584e-06,37.280446739196776,0.0138121082844979,37.995704650878906,33.66496479034424,0.004932152249954,6.845289611816407,9075.2,601.6,8473.6,-50.18613861386135,8409.451542068602,0.8753966555877255,-0.0003775838027912,3.15,0.2022747675534982,3.15,0.0,-0.4961236199999996,FastCharge_000067_CH41,FastCharge_000067_CH41,618,7,FastCharge_000067_CH41,6.8795118e-05,0.0001941536144112,-4.16030999999999e-05,0.0001874049,0.000419164868207,0.0006745208439429,0.0023242748993117,0.0311366386345383,0.0405291171638407,0.0464704864937226,0.0476857129537181,0.0451474773950032,0.0421390262406174,5932.119356693333,1716.1824108800004,-24.938175226713035,0.8652620449550795,0.0535128146679829,1.004616971764576,-0.0002773152269023
1.1440681600000002,1.08494913,0.0591190300000001,-0.0003564980528052,1.0789777,0.0599300318965078,-4.661483588358557e-05,-0.0052389569999999,0.0167310005053877,0.0168201880529522,8.918754756450514e-05,2.0444431830339253e-06,37.38550872802735,0.0133242611980925,38.02487564086914,33.48024559020996,0.004139466146932,7.051451072692871,8998.4,640.0,8358.4,-49.92806480648062,8409.451542068602,0.8769650940489099,-0.000364169674658,3.15,0.2022747675534982,3.15,0.0,-0.4847106599999999,FastCharge_000067_CH42,FastCharge_000067_CH42,626,7,FastCharge_000067_CH42,-0.0001351712637316,0.00021044532,-6.881534817343047e-05,0.0001311136867093,0.0004206265253368,0.0008191499128777,0.0029025739161021,0.033394599266295,0.0403009439125073,0.0498547115819364,0.0509652205146061,0.0483165690867056,0.045389249293627,5938.5169486490895,1711.2474755859378,-25.03840406140221,0.867250390525886,0.0518044717091259,1.0045064705013795,-0.0002664746600162
1.16487272,1.08137825,0.0834944699999999,-0.0004835129192919,1.0712371,0.0875662042028858,-0.0001811770477047,-0.0054321979999999,0.0193717971444129,0.0182911744341254,-0.0010806227102875,-4.663267819741305e-06,35.43899421691894,0.0136676414986469,36.404029846191406,31.917931232452396,0.0032815713021192,5.705188446044922,3852.8,588.8,3264.0,-19.30714671467145,3226.5575721502323,0.874508646265291,-0.0003796488793959,3.15,0.2022747675534982,3.15,0.0,-0.7085768599999998,FastCharge_000068_CH38,FastCharge_000068_CH38,504,6,FastCharge_000068_CH38,-0.0001858220989,0.0004940302799999,4.917791819741878e-05,-0.0002819813121553,0.0001279673313842,0.0003507339677693,0.0016667012637378,0.0252588909073512,0.0374619958172967,0.0457893966367273,0.0464827507250469,0.0445211739149778,0.0419768363780965,5572.586189371744,1921.2207080078128,-21.64648680710353,0.8640318536570291,0.0530274029428032,1.0038236007489916,-0.0002082948987089
1.16186435,1.07665153,0.0852128199999999,-0.0005103976417641,1.0682162,0.0875067726349947,-0.0001977806726672,-0.006154143,0.0184367569163441,0.0170418165624141,-0.0013949403539299,-8.122453870105937e-06,37.33349716186523,0.0156383679444604,38.591678619384766,33.03157688140869,0.0068580985677303,7.114384536743164,3852.8,601.6,3251.2000000000003,-19.492253225322514,3238.4505924901805,0.8784863413527702,-0.0003538527968433,3.15,0.2022747675534982,3.15,0.0,-0.70730446,FastCharge_000069_CH25,FastCharge_000069_CH25,543,9,FastCharge_000069_CH25,-0.0002089395964999,0.0003336382812856,-0.0005039771,-0.0010098890752408,-0.0005614212115809,-0.0008710178724755,-0.0028050320295702,-0.0117457331579712,0.0069609821262028,0.0455148126418161,0.0495596896728861,0.047980534965623,0.045715173743205,5629.223724772136,1977.537892659505,-21.65886169901168,0.8689007368348467,0.051106609998983,1.0045102979280116,-0.0002185359721198
1.16016817,1.07334665,0.0868215199999999,-0.0005229294713471,1.0661633,0.087415468845051,-0.0002187897593759,-0.005217574,0.0183497786521911,0.0170098423957824,-0.0013399362564086,-7.806269548656801e-06,37.056808395385744,0.0108318603771998,37.93330764770508,32.58667797088623,0.0025705713958238,7.08890510559082,3840.0,640.0,3200.0,-19.043696369636947,3226.1393834736905,0.8770143043768023,-0.0003586877050881,3.15,0.2022747675534982,3.15,0.0,-0.7061602200000001,FastCharge_000070_CH46,FastCharge_000070_CH46,516,6,FastCharge_000070_CH46,-0.0001066768281,-0.0005313515358655,0.0003090484133785,0.0004606672926015,0.0002774961533778,0.0007387235123402,0.0038391744813667,0.0309289923069219,0.0272582879150692,0.0486060857754029,0.0483661793153736,0.0472112082091742,0.0450864324611237,5623.980532633464,1954.600768636068,-21.83440396879043,0.8678153166374638,0.0509161011723247,1.003644084036295,-0.0002110674841309
1.1692384400000002,1.08633276,0.0829056800000003,-0.0004834882010201,1.0743777,0.0872715097639925,-0.0001811246144614,-0.0055070109999999,0.0192284777760505,0.0182077700272202,-0.0010207077488303,-4.039520714649903e-06,36.03339935302734,0.0143791843783987,36.85830307006836,32.09957618713379,0.0040585527440074,6.349117946624756,3827.2,601.6,3225.6,-19.208064806480643,3213.8238368647394,0.8725813884068164,-0.0003902718706125,3.15,0.2022747675534982,3.15,0.0,-0.7073683,FastCharge_000071_CH40,FastCharge_000071_CH40,482,6,FastCharge_000071_CH40,-1.6676170000000026e-07,8.694949999999953e-06,-4.169144854263354e-05,0.0001646583,0.0001640861474969,0.0004028698458249,0.0016852405408206,0.0240631076888817,0.0348355951477776,0.0437491159840649,0.0458640484710426,0.0437455825365482,0.0401624766277464,5550.71599650065,1923.595163574219,-21.468755390919945,0.8614739229290465,0.0542014141800581,1.003886044272318,-0.0002080243017369
1.16967488,1.08472344,0.0849514400000002,-0.0004998176975697,1.0758885,0.0879208526858665,-0.0001956368994899,-0.005175238,0.0188398445025086,0.0177312947809696,-0.001108549721539,-4.958711640544357e-06,36.40926204681397,0.012516882845206,37.55376052856445,32.94107429504395,0.0051721901010902,5.855274467468262,3840.0,588.8,3251.2,-19.25107710771076,3226.6959408038424,0.8777842501873113,-0.0003590956801514,3.15,0.2022747675534982,3.15,0.0,-0.7110879800000001,FastCharge_000072_CH34,FastCharge_000072_CH34,548,2,FastCharge_000072_CH34,0.0001488924311,-0.0003827297899999,5.482107504436572e-05,-0.0002044101584981,7.639639556871608e-05,0.0002393744599589,0.0012067638327756,0.0164558232383381,0.0248070798443442,0.0455318749469359,0.0483565014907679,0.0468105008523387,0.0430002736324041,5694.967549641927,1984.4776383463543,-21.91510441490925,0.8680601923725038,0.0513952462106999,1.003567985648063,-0.0002089491841749
1.15888249,1.0749113200000002,0.0839711699999996,-0.0004943930843084,1.0649502,0.0871760244793774,-0.0001940616741674,-0.0051180629999999,0.0188271854072809,0.0176598142832517,-0.0011673711240291,-5.95349152319579e-06,37.80648960113525,0.0132693889582438,38.83897018432617,33.39559839248657,0.0051771883387986,7.263715915679931,3865.6,601.6,3264.0,-19.515295529552937,3238.732884076734,0.8757625346050705,-0.0003412606157328,3.15,0.2022747675534982,3.15,0.0,-0.7055088200000004,FastCharge_000073_CH35,FastCharge_000073_CH35,528,2,FastCharge_000073_CH35,0.000229992597,-0.0008640268235982,1.0821099999999436e-05,5.048767681870275e-05,-7.028707774642609e-05,-0.0001146050272593,4.676834359412796e-05,0.0061793382772847,0.0121330539821702,0.0443539384957952,0.0464715635341576,0.0450458313708536,0.0432097861186878,5706.459669596356,1982.3762552897135,-22.209269392710738,0.8675325147272399,0.0494427813426088,1.0035572906322947,-0.0002078642834389
